-- MySQL dump 10.13  Distrib 8.0.19, for Win64 (x86_64)
--
-- Host: localhost    Database: dmt_db
-- ------------------------------------------------------
-- Server version	5.5.5-10.4.32-MariaDB

/*!40101 SET @OLD_CHARACTER_SET_CLIENT=@@CHARACTER_SET_CLIENT */;
/*!40101 SET @OLD_CHARACTER_SET_RESULTS=@@CHARACTER_SET_RESULTS */;
/*!40101 SET @OLD_COLLATION_CONNECTION=@@COLLATION_CONNECTION */;
/*!50503 SET NAMES utf8mb4 */;
/*!40103 SET @OLD_TIME_ZONE=@@TIME_ZONE */;
/*!40103 SET TIME_ZONE='+00:00' */;
/*!40014 SET @OLD_UNIQUE_CHECKS=@@UNIQUE_CHECKS, UNIQUE_CHECKS=0 */;
/*!40014 SET @OLD_FOREIGN_KEY_CHECKS=@@FOREIGN_KEY_CHECKS, FOREIGN_KEY_CHECKS=0 */;
/*!40101 SET @OLD_SQL_MODE=@@SQL_MODE, SQL_MODE='NO_AUTO_VALUE_ON_ZERO' */;
/*!40111 SET @OLD_SQL_NOTES=@@SQL_NOTES, SQL_NOTES=0 */;

--
-- Table structure for table `activities`
--

DROP TABLE IF EXISTS `activities`;
/*!40101 SET @saved_cs_client     = @@character_set_client */;
/*!50503 SET character_set_client = utf8mb4 */;
CREATE TABLE `activities` (
  `id` bigint(20) unsigned NOT NULL AUTO_INCREMENT,
  `action` varchar(100) NOT NULL,
  `document_id` bigint(20) unsigned DEFAULT NULL,
  `final_approval` varchar(10) NOT NULL DEFAULT '0',
  `document_control_number` varchar(255) DEFAULT NULL,
  `user_id` bigint(20) unsigned DEFAULT NULL,
  `from_user_id` varchar(10) DEFAULT NULL,
  `routed_to` bigint(20) unsigned DEFAULT NULL,
  `to_external` varchar(10) NOT NULL DEFAULT '0',
  `final_remarks` text DEFAULT NULL,
  `created_at` timestamp NULL DEFAULT NULL,
  `updated_at` timestamp NULL DEFAULT NULL,
  PRIMARY KEY (`id`),
  KEY `activities_document_id_foreign` (`document_id`),
  KEY `activities_user_id_foreign` (`user_id`),
  CONSTRAINT `activities_document_id_foreign` FOREIGN KEY (`document_id`) REFERENCES `documents` (`document_id`) ON DELETE CASCADE,
  CONSTRAINT `activities_user_id_foreign` FOREIGN KEY (`user_id`) REFERENCES `users` (`id`) ON DELETE SET NULL
) ENGINE=InnoDB AUTO_INCREMENT=1009 DEFAULT CHARSET=utf8mb4 COLLATE=utf8mb4_unicode_ci;
/*!40101 SET character_set_client = @saved_cs_client */;

--
-- Dumping data for table `activities`
--

LOCK TABLES `activities` WRITE;
/*!40000 ALTER TABLE `activities` DISABLE KEYS */;
INSERT INTO `activities` VALUES (736,'upload',65,'0','27112025-00002',22,'22',NULL,'0',NULL,'2025-11-26 22:32:48','2025-11-26 22:32:48'),(737,'view',65,'0','27112025-00002',22,NULL,NULL,'0',NULL,'2025-11-26 22:32:54','2025-11-26 22:32:54'),(738,'upload',66,'0','27112025-00003',23,'23',NULL,'0',NULL,'2025-11-26 22:33:58','2025-11-26 22:33:58'),(741,'upload',68,'0','27112025-00005',23,'23',NULL,'0',NULL,'2025-11-26 22:35:16','2025-11-26 22:35:16'),(742,'upload',69,'0','27112025-00006',17,'17',NULL,'0','test remarks','2025-11-26 22:36:55','2025-11-26 22:36:55'),(743,'view',69,'0','27112025-00006',17,NULL,NULL,'0',NULL,'2025-11-26 22:37:00','2025-11-26 22:37:00'),(744,'view',69,'0','27112025-00006',22,NULL,NULL,'0',NULL,'2025-11-26 22:37:11','2025-11-26 22:37:11'),(745,'view',69,'0','27112025-00006',22,NULL,NULL,'0',NULL,'2025-11-26 22:37:22','2025-11-26 22:37:22'),(746,'view',66,'0','27112025-00003',23,NULL,NULL,'0',NULL,'2025-11-26 22:37:49','2025-11-26 22:37:49'),(747,'view',69,'0','27112025-00006',22,NULL,NULL,'0',NULL,'2025-11-26 22:38:11','2025-11-26 22:38:11'),(748,'view',66,'0','27112025-00003',22,NULL,NULL,'0',NULL,'2025-11-26 22:38:13','2025-11-26 22:38:13'),(749,'view',69,'0','27112025-00006',23,NULL,NULL,'0',NULL,'2025-11-26 22:38:19','2025-11-26 22:38:19'),(750,'view',69,'0','27112025-00006',22,NULL,NULL,'0',NULL,'2025-11-26 22:38:33','2025-11-26 22:38:33'),(751,'confirm',69,'0','27112025-00006',22,'17',NULL,'0',NULL,'2025-11-26 22:39:18','2025-11-26 22:39:18'),(753,'view',69,'0','27112025-00006',24,NULL,NULL,'0',NULL,'2025-11-26 22:41:53','2025-11-26 22:41:53'),(754,'approved',69,'0','27112025-00006',25,'17',25,'0','for final approval of ED','2025-11-26 22:42:56','2025-11-26 22:42:56'),(755,'view',65,'0','27112025-00002',19,NULL,NULL,'0',NULL,'2025-11-26 22:43:26','2025-11-26 22:43:26'),(756,'view',69,'0','27112025-00006',25,NULL,NULL,'0',NULL,'2025-11-26 22:44:01','2025-11-26 22:44:01'),(757,'view',69,'0','27112025-00006',19,NULL,NULL,'0',NULL,'2025-11-26 22:44:05','2025-11-26 22:44:05'),(758,'approved',69,'1','27112025-00006',25,'25',NULL,'0','approved by the ED','2025-11-26 22:45:02','2025-11-26 22:45:02'),(759,'view',69,'0','27112025-00006',22,NULL,NULL,'0',NULL,'2025-11-26 22:51:09','2025-11-26 22:51:09'),(760,'view',69,'0','27112025-00006',22,NULL,NULL,'0',NULL,'2025-11-26 22:51:27','2025-11-26 22:51:27'),(761,'view',69,'0','27112025-00006',22,NULL,NULL,'0',NULL,'2025-11-26 22:51:45','2025-11-26 22:51:45'),(762,'view',66,'0','27112025-00003',22,NULL,NULL,'0',NULL,'2025-11-26 22:52:23','2025-11-26 22:52:23'),(763,'confirm',66,'0','27112025-00003',22,'23',NULL,'0',NULL,'2025-11-26 22:52:25','2025-11-26 22:52:25'),(764,'view',69,'0','27112025-00006',24,NULL,NULL,'0',NULL,'2025-11-26 22:52:36','2025-11-26 22:52:36'),(765,'approved',69,'0','27112025-00006',25,'17',25,'0','final approval','2025-11-26 22:54:24','2025-11-26 22:54:24'),(766,'view',66,'0','27112025-00003',22,NULL,NULL,'0',NULL,'2025-11-26 22:54:41','2025-11-26 22:54:41'),(767,'upload',71,'0','27112025-00008',19,'19',NULL,'0','sample','2025-11-26 22:54:48','2025-11-26 22:54:48'),(768,'view',71,'0','27112025-00008',19,NULL,NULL,'0',NULL,'2025-11-26 22:55:00','2025-11-26 22:55:00'),(771,'view',69,'0','27112025-00006',24,NULL,NULL,'0',NULL,'2025-11-26 22:57:49','2025-11-26 22:57:49'),(772,'view',71,'0','27112025-00008',18,NULL,NULL,'0',NULL,'2025-11-26 22:57:51','2025-11-26 22:57:51'),(775,'approved',69,'1','27112025-00006',25,'25',NULL,'0','additional instructions. deo','2025-11-26 22:58:15','2025-11-26 22:58:15'),(777,'view',69,'0','27112025-00006',25,NULL,NULL,'0',NULL,'2025-11-26 22:58:25','2025-11-26 22:58:25'),(778,'view',71,'0','27112025-00008',19,NULL,NULL,'0',NULL,'2025-11-26 22:58:33','2025-11-26 22:58:33'),(779,'view',66,'0','27112025-00003',22,NULL,NULL,'0',NULL,'2025-11-26 22:58:44','2025-11-26 22:58:44'),(780,'view',68,'0','27112025-00005',19,NULL,NULL,'0',NULL,'2025-11-26 22:58:46','2025-11-26 22:58:46'),(781,'view',69,'0','27112025-00006',22,NULL,NULL,'0',NULL,'2025-11-26 22:58:47','2025-11-26 22:58:47'),(782,'view',68,'0','27112025-00005',19,NULL,NULL,'0',NULL,'2025-11-26 22:58:57','2025-11-26 22:58:57'),(783,'view',69,'0','27112025-00006',22,NULL,NULL,'0',NULL,'2025-11-26 22:59:06','2025-11-26 22:59:06'),(784,'view',69,'0','27112025-00006',23,NULL,NULL,'0',NULL,'2025-11-26 23:00:23','2025-11-26 23:00:23'),(785,'view',69,'0','27112025-00006',23,NULL,NULL,'0',NULL,'2025-11-26 23:00:27','2025-11-26 23:00:27'),(786,'view',68,'0','27112025-00005',24,NULL,NULL,'0',NULL,'2025-11-26 23:01:38','2025-11-26 23:01:38'),(787,'upload',73,'0','27112025-00010',18,'18',NULL,'0','<script>alert(\'XSS\')</script>','2025-11-26 23:02:12','2025-11-26 23:02:12'),(789,'view',73,'0','27112025-00010',18,NULL,NULL,'0',NULL,'2025-11-26 23:02:29','2025-11-26 23:02:29'),(790,'view',65,'0','27112025-00002',24,NULL,NULL,'0',NULL,'2025-11-26 23:02:47','2025-11-26 23:02:47'),(791,'view',69,'0','27112025-00006',24,NULL,NULL,'0',NULL,'2025-11-26 23:03:11','2025-11-26 23:03:11'),(792,'view',73,'0','27112025-00010',18,NULL,NULL,'0',NULL,'2025-11-26 23:03:56','2025-11-26 23:03:56'),(793,'view',68,'0','27112025-00005',24,NULL,NULL,'0',NULL,'2025-11-26 23:04:08','2025-11-26 23:04:08'),(794,'view',66,'0','27112025-00003',24,NULL,NULL,'0',NULL,'2025-11-26 23:04:17','2025-11-26 23:04:17'),(795,'view',73,'0','27112025-00010',18,NULL,NULL,'0',NULL,'2025-11-26 23:04:20','2025-11-26 23:04:20'),(796,'view',65,'0','27112025-00002',24,NULL,NULL,'0',NULL,'2025-11-26 23:04:30','2025-11-26 23:04:30'),(797,'view',69,'0','27112025-00006',23,NULL,NULL,'0',NULL,'2025-11-26 23:05:17','2025-11-26 23:05:17'),(798,'view',69,'0','27112025-00006',23,NULL,NULL,'0',NULL,'2025-11-26 23:06:23','2025-11-26 23:06:23'),(799,'view',65,'0','27112025-00002',24,NULL,NULL,'0',NULL,'2025-11-26 23:06:59','2025-11-26 23:06:59'),(800,'view',69,'0','27112025-00006',23,NULL,NULL,'0',NULL,'2025-11-26 23:07:27','2025-11-26 23:07:27'),(801,'view',69,'0','27112025-00006',23,NULL,NULL,'0',NULL,'2025-11-26 23:07:37','2025-11-26 23:07:37'),(802,'view',66,'0','27112025-00003',24,NULL,NULL,'0',NULL,'2025-11-26 23:08:49','2025-11-26 23:08:49'),(803,'view',73,'0','27112025-00010',18,NULL,NULL,'0',NULL,'2025-11-26 23:09:39','2025-11-26 23:09:39'),(805,'view',73,'0','27112025-00010',18,NULL,NULL,'0',NULL,'2025-11-26 23:09:53','2025-11-26 23:09:53'),(806,'view',73,'0','27112025-00010',18,NULL,NULL,'0',NULL,'2025-11-26 23:10:39','2025-11-26 23:10:39'),(808,'upload',74,'0','27112025-00011',19,'19',NULL,'0','asd','2025-11-26 23:10:56','2025-11-26 23:10:56'),(809,'upload',75,'0','27112025-00012',19,'19',NULL,'0','qwe','2025-11-26 23:12:03','2025-11-26 23:12:03'),(810,'view',66,'0','27112025-00003',23,NULL,NULL,'0',NULL,'2025-11-26 23:12:16','2025-11-26 23:12:16'),(811,'view',69,'0','27112025-00006',23,NULL,NULL,'0',NULL,'2025-11-26 23:14:53','2025-11-26 23:14:53'),(812,'view',74,'0','27112025-00011',19,NULL,NULL,'0',NULL,'2025-11-26 23:17:45','2025-11-26 23:17:45'),(813,'view',69,'0','27112025-00006',23,NULL,NULL,'0',NULL,'2025-11-26 23:18:52','2025-11-26 23:18:52'),(814,'view',65,'0','27112025-00002',19,NULL,NULL,'0',NULL,'2025-11-26 23:19:10','2025-11-26 23:19:10'),(815,'view',68,'0','27112025-00005',19,NULL,NULL,'0',NULL,'2025-11-26 23:19:40','2025-11-26 23:19:40'),(816,'view',69,'0','27112025-00006',22,NULL,NULL,'0',NULL,'2025-11-26 23:19:42','2025-11-26 23:19:42'),(818,'view',73,'0','27112025-00010',17,NULL,NULL,'0',NULL,'2025-11-26 23:19:58','2025-11-26 23:19:58'),(819,'view',69,'0','27112025-00006',17,NULL,NULL,'0',NULL,'2025-11-26 23:20:31','2025-11-26 23:20:31'),(820,'view',75,'0','27112025-00012',19,NULL,NULL,'0',NULL,'2025-11-26 23:20:43','2025-11-26 23:20:43'),(821,'view',69,'0','27112025-00006',22,NULL,NULL,'0',NULL,'2025-11-26 23:20:53','2025-11-26 23:20:53'),(822,'view',69,'0','27112025-00006',22,NULL,NULL,'0',NULL,'2025-11-26 23:21:40','2025-11-26 23:21:40'),(824,'signed',69,'1','27112025-00006',22,'22',NULL,'0','signed document for approval','2025-11-26 23:26:03','2025-11-26 23:26:03'),(825,'view',74,'0','27112025-00011',30,NULL,NULL,'0',NULL,'2025-11-26 23:26:50','2025-11-26 23:26:50'),(827,'view',65,'0','27112025-00002',22,NULL,NULL,'0',NULL,'2025-11-26 23:27:07','2025-11-26 23:27:07'),(828,'view',69,'0','27112025-00006',22,NULL,NULL,'0',NULL,'2025-11-26 23:27:11','2025-11-26 23:27:11'),(834,'view',66,'0','27112025-00003',23,NULL,NULL,'0',NULL,'2025-11-26 23:31:27','2025-11-26 23:31:27'),(835,'view',66,'0','27112025-00003',23,NULL,NULL,'0',NULL,'2025-11-26 23:31:59','2025-11-26 23:31:59'),(838,'view',74,'0','27112025-00011',30,NULL,NULL,'0',NULL,'2025-11-26 23:35:15','2025-11-26 23:35:15'),(839,'upload',77,'0','27112025-00014',19,'19',NULL,'0','qjweklqej','2025-11-26 23:35:17','2025-11-26 23:35:17'),(843,'view',68,'0','27112025-00005',19,NULL,NULL,'0',NULL,'2025-11-26 23:36:24','2025-11-26 23:36:24'),(844,'upload',78,'0','27112025-00015',23,'23',NULL,'0',NULL,'2025-11-26 23:37:17','2025-11-26 23:37:17'),(845,'view',78,'0','27112025-00015',23,NULL,NULL,'0',NULL,'2025-11-26 23:37:36','2025-11-26 23:37:36'),(847,'view',65,'0','27112025-00002',18,NULL,NULL,'0',NULL,'2025-11-26 23:38:48','2025-11-26 23:38:48'),(848,'view',69,'0','27112025-00006',18,NULL,NULL,'0',NULL,'2025-11-26 23:38:54','2025-11-26 23:38:54'),(849,'confirm',69,'0','27112025-00006',18,'17',NULL,'0',NULL,'2025-11-26 23:38:57','2025-11-26 23:38:57'),(850,'view',73,'0','27112025-00010',18,NULL,NULL,'0',NULL,'2025-11-26 23:39:02','2025-11-26 23:39:02'),(851,'view',69,'0','27112025-00006',18,NULL,NULL,'0',NULL,'2025-11-26 23:39:07','2025-11-26 23:39:07'),(852,'upload',79,'0','27112025-00016',23,'23',NULL,'0','SAMPE','2025-11-26 23:39:13','2025-11-26 23:39:13'),(853,'view',66,'0','27112025-00003',22,NULL,NULL,'0',NULL,'2025-11-26 23:40:11','2025-11-26 23:40:11'),(854,'view',77,'0','27112025-00014',19,NULL,NULL,'0',NULL,'2025-11-26 23:40:12','2025-11-26 23:40:12'),(856,'view',79,'0','27112025-00016',23,NULL,NULL,'0',NULL,'2025-11-26 23:43:23','2025-11-26 23:43:23'),(858,'view',69,'0','27112025-00006',18,NULL,NULL,'0',NULL,'2025-11-26 23:44:38','2025-11-26 23:44:38'),(859,'upload',80,'0','27112025-00017',23,'23',NULL,'0','ASDFA','2025-11-26 23:45:59','2025-11-26 23:45:59'),(860,'upload',81,'0','27112025-00018',23,'23',NULL,'0','TEST','2025-11-26 23:47:13','2025-11-26 23:47:13'),(861,'upload',82,'0','27112025-00019',19,'19',NULL,'0','asd','2025-11-26 23:47:17','2025-11-26 23:47:17'),(862,'view',79,'0','27112025-00016',23,NULL,NULL,'0',NULL,'2025-11-26 23:48:29','2025-11-26 23:48:29'),(863,'view',65,'0','27112025-00002',19,NULL,NULL,'0',NULL,'2025-11-26 23:48:30','2025-11-26 23:48:30'),(865,'view',68,'0','27112025-00005',19,NULL,NULL,'0',NULL,'2025-11-26 23:53:48','2025-11-26 23:53:48'),(866,'upload',83,'0','27112025-00020',23,'23',NULL,'0',NULL,'2025-11-26 23:54:50','2025-11-26 23:54:50'),(867,'view',75,'0','27112025-00012',19,NULL,NULL,'0',NULL,'2025-11-26 23:55:59','2025-11-26 23:55:59'),(868,'view',66,'0','27112025-00003',23,NULL,NULL,'0',NULL,'2025-11-26 23:56:31','2025-11-26 23:56:31'),(870,'view',65,'0','27112025-00002',18,NULL,NULL,'0',NULL,'2025-11-27 00:06:34','2025-11-27 00:06:34'),(872,'view',71,'0','27112025-00008',18,NULL,NULL,'0',NULL,'2025-11-27 00:07:10','2025-11-27 00:07:10'),(874,'view',65,'0','27112025-00002',19,NULL,NULL,'0',NULL,'2025-11-27 00:10:15','2025-11-27 00:10:15'),(875,'view',75,'0','27112025-00012',30,NULL,NULL,'0',NULL,'2025-11-27 00:12:02','2025-11-27 00:12:02'),(886,'view',78,'0','27112025-00015',23,NULL,NULL,'0',NULL,'2025-11-27 00:50:46','2025-11-27 00:50:46'),(887,'upload',90,'0','28112025-00001',26,'26',NULL,'0','adsadadasda','2025-11-27 17:39:01','2025-11-27 17:39:01'),(888,'upload',91,'0','28112025-00002',26,'26',NULL,'0','cvcvbbvbc','2025-11-27 17:39:44','2025-11-27 17:39:44'),(889,'upload',92,'0','28112025-00003',26,'26',NULL,'0','adsads','2025-11-27 17:44:56','2025-11-27 17:44:56'),(890,'view',65,'0','27112025-00002',26,NULL,NULL,'0',NULL,'2025-11-27 18:06:59','2025-11-27 18:06:59'),(891,'view',65,'0','27112025-00002',26,NULL,NULL,'0',NULL,'2025-11-27 18:08:24','2025-11-27 18:08:24'),(892,'view',65,'0','27112025-00002',26,NULL,NULL,'0',NULL,'2025-11-27 18:10:06','2025-11-27 18:10:06'),(893,'view',65,'0','27112025-00002',26,NULL,NULL,'0',NULL,'2025-11-27 18:16:03','2025-11-27 18:16:03'),(894,'view',65,'0','27112025-00002',26,NULL,NULL,'0',NULL,'2025-11-27 18:19:06','2025-11-27 18:19:06'),(895,'view',65,'0','27112025-00002',26,NULL,NULL,'0',NULL,'2025-11-27 18:22:45','2025-11-27 18:22:45'),(896,'view',65,'0','27112025-00002',26,NULL,NULL,'0',NULL,'2025-11-27 18:28:34','2025-11-27 18:28:34'),(897,'view',65,'0','27112025-00002',26,NULL,NULL,'0',NULL,'2025-11-27 18:46:15','2025-11-27 18:46:15'),(898,'view',65,'0','27112025-00002',26,NULL,NULL,'0',NULL,'2025-11-27 18:51:43','2025-11-27 18:51:43'),(899,'view',65,'0','27112025-00002',26,NULL,NULL,'0',NULL,'2025-11-27 18:52:27','2025-11-27 18:52:27'),(900,'view',65,'0','27112025-00002',26,NULL,NULL,'0',NULL,'2025-11-27 18:53:09','2025-11-27 18:53:09'),(902,'view',92,'0','28112025-00003',26,NULL,NULL,'0',NULL,'2025-11-27 18:53:15','2025-11-27 18:53:15'),(903,'view',90,'0','28112025-00001',26,NULL,NULL,'0',NULL,'2025-11-27 18:53:18','2025-11-27 18:53:18'),(904,'view',65,'0','27112025-00002',26,NULL,NULL,'0',NULL,'2025-11-27 18:53:35','2025-11-27 18:53:35'),(905,'view',91,'0','28112025-00002',26,NULL,NULL,'0',NULL,'2025-11-27 18:54:07','2025-11-27 18:54:07'),(907,'view',65,'0','27112025-00002',17,NULL,NULL,'0',NULL,'2025-11-27 18:56:51','2025-11-27 18:56:51'),(908,'confirm',65,'0','27112025-00002',17,'22',NULL,'0',NULL,'2025-11-27 18:56:53','2025-11-27 18:56:53'),(909,'view',65,'0','27112025-00002',17,NULL,NULL,'0',NULL,'2025-11-27 18:57:02','2025-11-27 18:57:02'),(910,'view',68,'0','27112025-00005',17,NULL,NULL,'0',NULL,'2025-11-27 18:57:08','2025-11-27 18:57:08'),(911,'view',92,'0','28112025-00003',17,NULL,NULL,'0',NULL,'2025-11-27 18:57:09','2025-11-27 18:57:09'),(912,'view',73,'0','27112025-00010',17,NULL,NULL,'0',NULL,'2025-11-27 18:57:12','2025-11-27 18:57:12'),(913,'view',90,'0','28112025-00001',17,NULL,NULL,'0',NULL,'2025-11-27 18:57:14','2025-11-27 18:57:14'),(914,'view',91,'0','28112025-00002',17,NULL,NULL,'0',NULL,'2025-11-27 18:57:16','2025-11-27 18:57:16'),(915,'view',65,'0','27112025-00002',17,NULL,NULL,'0',NULL,'2025-11-27 18:57:18','2025-11-27 18:57:18'),(916,'confirm',65,'0','27112025-00002',17,'22',NULL,'0',NULL,'2025-11-27 18:57:20','2025-11-27 18:57:20'),(917,'view',65,'0','27112025-00002',17,NULL,NULL,'0',NULL,'2025-11-27 18:57:30','2025-11-27 18:57:30'),(918,'confirm',65,'0','27112025-00002',17,'22',NULL,'0',NULL,'2025-11-27 18:58:15','2025-11-27 18:58:15'),(919,'view',65,'0','27112025-00002',17,NULL,NULL,'0',NULL,'2025-11-27 18:58:40','2025-11-27 18:58:40'),(920,'view',65,'0','27112025-00002',17,NULL,NULL,'0',NULL,'2025-11-27 18:58:48','2025-11-27 18:58:48'),(921,'view',65,'0','27112025-00002',17,NULL,NULL,'0',NULL,'2025-11-27 19:00:25','2025-11-27 19:00:25'),(922,'view',68,'0','27112025-00005',17,NULL,NULL,'0',NULL,'2025-11-27 19:00:27','2025-11-27 19:00:27'),(923,'confirm',68,'0','27112025-00005',17,'23',NULL,'0',NULL,'2025-11-27 19:00:28','2025-11-27 19:00:28'),(924,'view',68,'0','27112025-00005',17,NULL,NULL,'0',NULL,'2025-11-27 19:00:37','2025-11-27 19:00:37'),(925,'view',68,'0','27112025-00005',17,NULL,NULL,'0',NULL,'2025-11-27 19:00:45','2025-11-27 19:00:45'),(926,'view',68,'0','27112025-00005',17,NULL,NULL,'0',NULL,'2025-11-27 19:03:49','2025-11-27 19:03:49'),(927,'view',73,'0','27112025-00010',17,NULL,NULL,'0',NULL,'2025-11-27 19:03:56','2025-11-27 19:03:56'),(928,'confirm',73,'0','27112025-00010',17,'18',NULL,'0',NULL,'2025-11-27 19:03:58','2025-11-27 19:03:58'),(929,'view',90,'0','28112025-00001',17,NULL,NULL,'0',NULL,'2025-11-27 19:04:03','2025-11-27 19:04:03'),(930,'view',73,'0','27112025-00010',17,NULL,NULL,'0',NULL,'2025-11-27 19:04:05','2025-11-27 19:04:05'),(931,'view',90,'0','28112025-00001',17,NULL,NULL,'0',NULL,'2025-11-27 19:04:07','2025-11-27 19:04:07'),(932,'confirm',90,'0','28112025-00001',17,'26',NULL,'0',NULL,'2025-11-27 19:04:09','2025-11-27 19:04:09'),(933,'view',90,'0','28112025-00001',17,NULL,NULL,'0',NULL,'2025-11-27 19:04:15','2025-11-27 19:04:15'),(934,'view',91,'0','28112025-00002',17,NULL,NULL,'0',NULL,'2025-11-27 19:04:17','2025-11-27 19:04:17'),(935,'confirm',91,'0','28112025-00002',17,'26',NULL,'0',NULL,'2025-11-27 19:04:19','2025-11-27 19:04:19'),(936,'view',91,'0','28112025-00002',17,NULL,NULL,'0',NULL,'2025-11-27 19:04:23','2025-11-27 19:04:23'),(937,'view',92,'0','28112025-00003',17,NULL,NULL,'0',NULL,'2025-11-27 19:04:27','2025-11-27 19:04:27'),(938,'confirm',92,'0','28112025-00003',17,'26',NULL,'0',NULL,'2025-11-27 19:04:28','2025-11-27 19:04:28'),(939,'view',90,'0','28112025-00001',17,NULL,NULL,'0',NULL,'2025-11-27 19:05:02','2025-11-27 19:05:02'),(940,'route',90,'1','28112025-00001',17,'17',NULL,'0','asdadadsa','2025-11-27 19:05:34','2025-11-27 19:05:34'),(941,'view',90,'0','28112025-00001',22,NULL,NULL,'0',NULL,'2025-11-27 19:06:06','2025-11-27 19:06:06'),(942,'confirm',90,'0','28112025-00001',22,'26',NULL,'0',NULL,'2025-11-27 19:06:08','2025-11-27 19:06:08'),(943,'view',90,'0','28112025-00001',22,NULL,NULL,'0',NULL,'2025-11-27 19:06:36','2025-11-27 19:06:36'),(944,'route',90,'1','28112025-00001',22,'22',NULL,'1','zxccsc','2025-11-27 19:16:40','2025-11-27 19:16:40'),(945,'view',69,'0','27112025-00006',22,NULL,NULL,'0',NULL,'2025-11-27 19:16:47','2025-11-27 19:16:47'),(946,'view',69,'0','27112025-00006',22,NULL,NULL,'0',NULL,'2025-11-27 19:17:22','2025-11-27 19:17:22'),(947,'view',66,'0','27112025-00003',22,NULL,NULL,'0',NULL,'2025-11-27 19:23:59','2025-11-27 19:23:59'),(948,'view',66,'0','27112025-00003',22,NULL,NULL,'0',NULL,'2025-11-27 19:24:25','2025-11-27 19:24:25'),(949,'route',66,'1','27112025-00003',22,'22',NULL,'1','tewtwewerw','2025-11-27 19:24:36','2025-11-27 19:24:36'),(950,'view',71,'0','27112025-00008',17,NULL,NULL,'0',NULL,'2025-11-27 19:25:43','2025-11-27 19:25:43'),(951,'view',71,'0','27112025-00008',17,NULL,NULL,'0',NULL,'2025-11-27 19:26:21','2025-11-27 19:26:21'),(952,'confirm',71,'0','27112025-00008',17,'19',NULL,'0',NULL,'2025-11-27 19:26:24','2025-11-27 19:26:24'),(953,'view',71,'0','27112025-00008',17,NULL,NULL,'0',NULL,'2025-11-27 19:26:34','2025-11-27 19:26:34'),(954,'view',71,'0','27112025-00008',17,NULL,NULL,'0',NULL,'2025-11-27 19:26:40','2025-11-27 19:26:40'),(955,'view',71,'0','27112025-00008',17,NULL,NULL,'0',NULL,'2025-11-27 19:26:41','2025-11-27 19:26:41'),(956,'confirm',71,'0','27112025-00008',17,'19',NULL,'0',NULL,'2025-11-27 19:26:42','2025-11-27 19:26:42'),(957,'view',71,'0','27112025-00008',17,NULL,NULL,'0',NULL,'2025-11-27 19:26:50','2025-11-27 19:26:50'),(958,'view',71,'0','27112025-00008',17,NULL,NULL,'0',NULL,'2025-11-27 19:28:01','2025-11-27 19:28:01'),(959,'view',90,'0','28112025-00001',17,NULL,NULL,'0',NULL,'2025-11-27 19:33:42','2025-11-27 19:33:42'),(960,'view',91,'0','28112025-00002',17,NULL,NULL,'0',NULL,'2025-11-27 19:33:45','2025-11-27 19:33:45'),(961,'view',71,'0','27112025-00008',17,NULL,NULL,'0',NULL,'2025-11-27 19:33:47','2025-11-27 19:33:47'),(962,'view',73,'0','27112025-00010',17,NULL,NULL,'0',NULL,'2025-11-27 19:33:50','2025-11-27 19:33:50'),(963,'view',90,'0','28112025-00001',17,NULL,NULL,'0',NULL,'2025-11-27 19:33:53','2025-11-27 19:33:53'),(964,'confirm',90,'0','28112025-00001',17,'26',NULL,'0',NULL,'2025-11-27 19:33:56','2025-11-27 19:33:56'),(965,'view',90,'0','28112025-00001',17,NULL,NULL,'0',NULL,'2025-11-27 19:34:03','2025-11-27 19:34:03'),(966,'view',71,'0','27112025-00008',17,NULL,NULL,'0',NULL,'2025-11-27 19:34:11','2025-11-27 19:34:11'),(967,'view',65,'0','27112025-00002',17,NULL,NULL,'0',NULL,'2025-11-27 19:34:30','2025-11-27 19:34:30'),(968,'confirm',65,'0','27112025-00002',17,'22',NULL,'0',NULL,'2025-11-27 19:34:33','2025-11-27 19:34:33'),(969,'view',65,'0','27112025-00002',17,NULL,NULL,'0',NULL,'2025-11-27 19:34:35','2025-11-27 19:34:35'),(970,'view',71,'0','27112025-00008',17,NULL,NULL,'0',NULL,'2025-11-27 19:34:42','2025-11-27 19:34:42'),(971,'view',71,'0','27112025-00008',17,NULL,NULL,'0',NULL,'2025-11-27 19:34:46','2025-11-27 19:34:46'),(972,'view',71,'0','27112025-00008',17,NULL,NULL,'0',NULL,'2025-11-27 19:34:49','2025-11-27 19:34:49'),(973,'confirm',71,'0','27112025-00008',17,'19',NULL,'0',NULL,'2025-11-27 19:34:51','2025-11-27 19:34:51'),(974,'view',71,'0','27112025-00008',17,NULL,NULL,'0',NULL,'2025-11-27 19:34:59','2025-11-27 19:34:59'),(975,'view',71,'0','27112025-00008',17,NULL,NULL,'0',NULL,'2025-11-27 19:36:42','2025-11-27 19:36:42'),(976,'view',65,'0','27112025-00002',17,NULL,NULL,'0',NULL,'2025-11-27 19:41:11','2025-11-27 19:41:11'),(977,'view',65,'0','27112025-00002',17,NULL,NULL,'0',NULL,'2025-11-27 19:41:51','2025-11-27 19:41:51'),(978,'view',65,'0','27112025-00002',17,NULL,NULL,'0',NULL,'2025-11-27 19:43:56','2025-11-27 19:43:56'),(979,'view',65,'0','27112025-00002',17,NULL,NULL,'0',NULL,'2025-11-27 19:57:10','2025-11-27 19:57:10'),(980,'view',65,'0','27112025-00002',17,NULL,NULL,'0',NULL,'2025-11-27 20:26:23','2025-11-27 20:26:23'),(981,'view',65,'0','27112025-00002',17,NULL,NULL,'0',NULL,'2025-11-27 20:27:50','2025-11-27 20:27:50'),(982,'view',65,'0','27112025-00002',17,NULL,NULL,'0',NULL,'2025-11-27 20:28:34','2025-11-27 20:28:34'),(983,'view',65,'0','27112025-00002',17,NULL,NULL,'0',NULL,'2025-11-27 20:30:02','2025-11-27 20:30:02'),(984,'view',65,'0','27112025-00002',17,NULL,NULL,'0',NULL,'2025-11-27 20:31:03','2025-11-27 20:31:03'),(985,'view',65,'0','27112025-00002',17,NULL,NULL,'0',NULL,'2025-11-27 20:31:59','2025-11-27 20:31:59'),(986,'view',65,'0','27112025-00002',17,NULL,NULL,'0',NULL,'2025-11-27 20:33:53','2025-11-27 20:33:53'),(987,'view',65,'0','27112025-00002',17,NULL,NULL,'0',NULL,'2025-11-27 20:34:38','2025-11-27 20:34:38'),(988,'view',65,'0','27112025-00002',17,NULL,NULL,'0',NULL,'2025-11-27 20:34:49','2025-11-27 20:34:49'),(989,'view',65,'0','27112025-00002',17,NULL,NULL,'0',NULL,'2025-11-27 23:31:59','2025-11-27 23:31:59'),(990,'view',65,'0','27112025-00002',17,NULL,NULL,'0',NULL,'2025-11-27 23:33:31','2025-11-27 23:33:31'),(991,'view',65,'0','27112025-00002',17,NULL,NULL,'0',NULL,'2025-11-27 23:34:39','2025-11-27 23:34:39'),(992,'view',65,'0','27112025-00002',17,NULL,NULL,'0',NULL,'2025-11-27 23:38:10','2025-11-27 23:38:10'),(993,'view',65,'0','27112025-00002',17,NULL,NULL,'0',NULL,'2025-11-27 23:41:30','2025-11-27 23:41:30'),(994,'view',65,'0','27112025-00002',17,NULL,NULL,'0',NULL,'2025-11-27 23:42:47','2025-11-27 23:42:47'),(995,'view',65,'0','27112025-00002',17,NULL,NULL,'0',NULL,'2025-11-27 23:48:08','2025-11-27 23:48:08'),(996,'view',65,'0','27112025-00002',17,NULL,NULL,'0',NULL,'2025-11-27 23:48:51','2025-11-27 23:48:51'),(997,'view',65,'0','27112025-00002',17,NULL,NULL,'0',NULL,'2025-11-27 23:50:47','2025-11-27 23:50:47'),(998,'view',65,'0','27112025-00002',17,NULL,NULL,'0',NULL,'2025-11-27 23:53:14','2025-11-27 23:53:14'),(999,'view',65,'0','27112025-00002',17,NULL,NULL,'0',NULL,'2025-11-28 00:15:34','2025-11-28 00:15:34'),(1000,'view',65,'0','27112025-00002',17,NULL,NULL,'0',NULL,'2025-11-28 00:20:52','2025-11-28 00:20:52'),(1001,'route',65,'0','27112025-00002',17,'17',19,'1','sdfdsfsfsd','2025-11-28 00:20:59','2025-11-28 00:20:59'),(1002,'view',68,'0','27112025-00005',17,NULL,NULL,'0',NULL,'2025-11-28 00:43:11','2025-11-28 00:43:11'),(1003,'view',68,'0','27112025-00005',17,NULL,NULL,'0',NULL,'2025-11-28 00:43:29','2025-11-28 00:43:29'),(1004,'upload',93,'0','28112025-00004',17,'17',NULL,'0','&#x27;&gt;&lt;script&gt;alert(1)&lt;&#x2F;script&gt;','2025-11-28 00:59:33','2025-11-28 00:59:33'),(1005,'view',93,'0','28112025-00004',17,NULL,NULL,'0',NULL,'2025-11-28 00:59:40','2025-11-28 00:59:40'),(1006,'view',68,'0','27112025-00005',17,NULL,NULL,'0',NULL,'2025-11-28 01:08:36','2025-11-28 01:08:36'),(1007,'view',90,'0','28112025-00001',17,NULL,NULL,'0',NULL,'2025-11-28 01:08:38','2025-11-28 01:08:38'),(1008,'view',91,'0','28112025-00002',17,NULL,NULL,'0',NULL,'2025-11-28 02:24:53','2025-11-28 02:24:53');
/*!40000 ALTER TABLE `activities` ENABLE KEYS */;
UNLOCK TABLES;

--
-- Table structure for table `approval_table`
--

DROP TABLE IF EXISTS `approval_table`;
/*!40101 SET @saved_cs_client     = @@character_set_client */;
/*!50503 SET character_set_client = utf8mb4 */;
CREATE TABLE `approval_table` (
  `id` bigint(20) unsigned NOT NULL AUTO_INCREMENT,
  `document_id` bigint(20) unsigned NOT NULL,
  `user_id` bigint(20) unsigned NOT NULL,
  `approval_type` varchar(100) NOT NULL,
  `remarks` varchar(1000) DEFAULT NULL,
  `status` int(11) NOT NULL DEFAULT 0,
  `created_at` timestamp NULL DEFAULT NULL,
  `updated_at` timestamp NULL DEFAULT NULL,
  PRIMARY KEY (`id`),
  KEY `approval_table_document_id_foreign` (`document_id`),
  CONSTRAINT `approval_table_document_id_foreign` FOREIGN KEY (`document_id`) REFERENCES `documents` (`document_id`) ON DELETE CASCADE ON UPDATE CASCADE
) ENGINE=InnoDB AUTO_INCREMENT=36 DEFAULT CHARSET=utf8mb4 COLLATE=utf8mb4_unicode_ci;
/*!40101 SET character_set_client = @saved_cs_client */;

--
-- Dumping data for table `approval_table`
--

LOCK TABLES `approval_table` WRITE;
/*!40000 ALTER TABLE `approval_table` DISABLE KEYS */;
INSERT INTO `approval_table` VALUES (31,69,24,'pre-approval','Approved',1,'2025-11-26 22:40:29','2025-11-26 22:42:56'),(32,69,25,'final-approval','Approved',1,'2025-11-26 22:42:56','2025-11-26 22:45:02'),(33,69,24,'pre-approval','Approved',1,'2025-11-26 22:52:01','2025-11-26 22:54:24'),(34,69,25,'final-approval','Approved',1,'2025-11-26 22:54:24','2025-11-26 22:58:15'),(35,65,19,'pre-approval','sdfdsfsfsd',0,'2025-11-28 00:20:59','2025-11-28 00:20:59');
/*!40000 ALTER TABLE `approval_table` ENABLE KEYS */;
UNLOCK TABLES;

--
-- Table structure for table `document_types`
--

DROP TABLE IF EXISTS `document_types`;
/*!40101 SET @saved_cs_client     = @@character_set_client */;
/*!50503 SET character_set_client = utf8mb4 */;
CREATE TABLE `document_types` (
  `id` bigint(20) unsigned NOT NULL AUTO_INCREMENT,
  `document_type` varchar(255) NOT NULL,
  `description` text DEFAULT NULL,
  `created_at` timestamp NULL DEFAULT NULL,
  `updated_at` timestamp NULL DEFAULT NULL,
  PRIMARY KEY (`id`)
) ENGINE=InnoDB AUTO_INCREMENT=16 DEFAULT CHARSET=utf8mb4 COLLATE=utf8mb4_unicode_ci;
/*!40101 SET character_set_client = @saved_cs_client */;

--
-- Dumping data for table `document_types`
--

LOCK TABLES `document_types` WRITE;
/*!40000 ALTER TABLE `document_types` DISABLE KEYS */;
INSERT INTO `document_types` VALUES (1,'MEMO',NULL,'2025-11-13 18:05:50','2025-11-13 18:05:50'),(3,'CSW',NULL,'2025-11-23 20:51:25','2025-11-23 20:51:25'),(4,'TESDA ORDER',NULL,'2025-11-23 20:51:37','2025-11-23 20:51:37'),(5,'TESDA CIRCULAR',NULL,'2025-11-23 20:51:43','2025-11-23 20:51:43'),(6,'ROUTE SLIP',NULL,'2025-11-23 20:51:50','2025-11-23 20:51:50'),(7,'TOR',NULL,'2025-11-23 20:51:56','2025-11-23 20:51:56'),(8,'INVITATION LETTERS & CONFORME',NULL,'2025-11-23 20:52:02','2025-11-23 20:52:02'),(9,'POSITION PAPER',NULL,'2025-11-23 20:52:33','2025-11-23 20:52:33'),(10,'LETTER',NULL,'2025-11-23 20:52:41','2025-11-23 20:52:41'),(11,'BRIEFING NOTE',NULL,'2025-11-23 20:52:47','2025-11-23 20:52:47'),(12,'MESSAGE',NULL,'2025-11-23 20:52:52','2025-11-23 20:52:52'),(13,'CERTIFICATES',NULL,'2025-11-23 20:52:57','2025-11-23 20:52:57'),(14,'ORS, DV\'s',NULL,'2025-11-23 20:53:03','2025-11-23 20:53:03');
/*!40000 ALTER TABLE `document_types` ENABLE KEYS */;
UNLOCK TABLES;

--
-- Table structure for table `documents`
--

DROP TABLE IF EXISTS `documents`;
/*!40101 SET @saved_cs_client     = @@character_set_client */;
/*!50503 SET character_set_client = utf8mb4 */;
CREATE TABLE `documents` (
  `document_id` bigint(20) unsigned NOT NULL AUTO_INCREMENT,
  `document_control_number` varchar(255) NOT NULL,
  `document_code` varchar(1000) NOT NULL,
  `date_received` datetime DEFAULT NULL,
  `label` varchar(255) DEFAULT NULL,
  `particular` text NOT NULL,
  `office_origin` varchar(100) NOT NULL,
  `destination_office` varchar(100) DEFAULT NULL,
  `user_id` bigint(20) unsigned NOT NULL,
  `recipient_id` varchar(10) DEFAULT NULL,
  `document_form` varchar(50) NOT NULL,
  `document_type` varchar(50) NOT NULL,
  `date_of_document` date DEFAULT NULL,
  `due_date` date DEFAULT NULL,
  `signatory` varchar(100) NOT NULL,
  `date_forwarded` datetime DEFAULT NULL,
  `receipt_confirmation` int(11) NOT NULL DEFAULT 0,
  `receipt_confirmed_by` int(11) NOT NULL DEFAULT 0,
  `involved_office` varchar(255) DEFAULT NULL,
  `action_taken` text DEFAULT NULL,
  `status` varchar(50) NOT NULL DEFAULT 'Pending',
  `remarks` varchar(255) DEFAULT NULL,
  `confidentiality` varchar(50) NOT NULL DEFAULT 'Normal',
  `created_at` timestamp NULL DEFAULT NULL,
  `updated_at` timestamp NULL DEFAULT NULL,
  PRIMARY KEY (`document_id`)
) ENGINE=InnoDB AUTO_INCREMENT=94 DEFAULT CHARSET=utf8mb4 COLLATE=utf8mb4_unicode_ci;
/*!40101 SET character_set_client = @saved_cs_client */;

--
-- Dumping data for table `documents`
--

LOCK TABLES `documents` WRITE;
/*!40000 ALTER TABLE `documents` DISABLE KEYS */;
INSERT INTO `documents` VALUES (65,'27112025-00002','1223','2025-11-27 00:00:00',NULL,'conforme','EOD-QSO','ODDG-PP',22,'19','PDF','undefined',NULL,'2025-11-28','ed el cid','2025-11-28 08:20:59',1,17,'[\"EOD-QSO\",\"EOD-PO\",\"ODDG-PP\"]',NULL,'For Approval',NULL,'Normal','2025-11-26 22:32:48','2025-11-28 00:20:59'),(66,'27112025-00003','1236','2025-11-27 00:00:00',NULL,'hello','ODDG-PP','EOD-QSO',23,NULL,'PDF','undefined',NULL,NULL,'jen','2025-11-28 03:24:36',0,0,'[\"ODDG-PP\",\"EOD-PO\",\"EOD-PO\"]',NULL,'Pending',NULL,'Normal','2025-11-26 22:33:58','2025-11-27 19:24:36'),(68,'27112025-00005','7894','2025-11-27 00:00:00',NULL,'hi','EOD-PO','ODDG-PP',23,NULL,'PDF','undefined',NULL,NULL,'jhen','2025-11-27 06:35:16',0,0,'[\"EOD-PO\",\"EOD-PO\",\"ODDG-PP\"]',NULL,'Pending',NULL,'Normal','2025-11-26 22:35:16','2025-11-27 19:00:28'),(69,'27112025-00006','TEST123','2025-11-27 00:00:00',NULL,'Test subject','ODDG-PP','ODDG-PP',17,NULL,'PDF','undefined',NULL,'2025-11-30','test signatory','2025-11-27 07:26:03',0,0,'[\"ODDG-PP\",\"ODDG-PP\",\"EOD-PO\"]',NULL,'Complete','test remarks','Normal','2025-11-26 22:36:55','2025-11-26 23:38:57'),(71,'27112025-00008','0222','2025-11-27 00:00:00',NULL,'sAmple','DEV','ODDG-PP',19,NULL,'PDF','undefined',NULL,NULL,'sample','2025-11-27 06:54:48',1,17,'[\"DEV\",\"ODDG-PP\"]',NULL,'Pending','sample','Normal','2025-11-26 22:54:48','2025-11-27 19:34:51'),(73,'27112025-00010','test code','2025-11-27 00:00:00',NULL,'<script>alert(\'XSS\')</script>','DEV','ODDG-PP',18,NULL,'PDF','undefined',NULL,'2025-11-29','<script>alert(\'XSS\')</script>','2025-11-27 07:02:12',0,0,'[\"DEV\",\"ODDG-PP\",\"ODDG-PP\"]',NULL,'Pending','<script>alert(\'XSS\')</script>','Normal','2025-11-26 23:02:12','2025-11-27 19:03:58'),(74,'27112025-00011','7890','2025-11-27 00:00:00',NULL,'asd','ODDG-PP','EOD-NITESD',19,NULL,'PDF','undefined',NULL,'2025-11-28','asd','2025-11-27 07:10:56',0,0,'[\"ODDG-PP\",\"ODDG-PP\",\"EOD-NITESD\"]',NULL,'Pending','asd','Normal','2025-11-26 23:10:56','2025-11-26 23:10:56'),(75,'27112025-00012','4567','2025-11-27 00:00:00',NULL,'qwe','ODDG-PP','EOD-NITESD',19,NULL,'PDF','undefined',NULL,'2025-11-28','qwe','2025-11-27 07:12:03',0,0,'[\"ODDG-PP\",\"ODDG-PP\",\"EOD-NITESD\"]',NULL,'Pending','qwe','Normal','2025-11-26 23:12:03','2025-11-26 23:12:03'),(77,'27112025-00014','Sample COde','2025-11-27 00:00:00',NULL,'Sbuject code','DEVELOPERMAN','THISISDEV',19,NULL,'PDF','undefined',NULL,'2025-12-25','signatoru','2025-11-27 07:35:17',0,0,'[\"DEVELOPERMAN\",\"ODDG-PP\",\"THISISDEV\"]',NULL,'Pending','qjweklqej','Normal','2025-11-26 23:35:17','2025-11-26 23:35:17'),(78,'27112025-00015','TEST9876','2025-11-27 00:00:00',NULL,'TEST','ODDG-PP','EOD-PO',23,NULL,'PDF','undefined',NULL,'2025-11-28','TEST','2025-11-27 07:37:17',0,0,'[\"ODDG-PP\",\"EOD-PO\",\"EOD-PO\"]',NULL,'Pending',NULL,'Normal','2025-11-26 23:37:17','2025-11-26 23:37:17'),(79,'27112025-00016','DOC987','2025-11-27 00:00:00',NULL,'SAMPE','ODDG-PP','EOD-PO',23,NULL,'PDF','undefined',NULL,'2025-12-01','SAMPE','2025-11-27 07:39:13',0,0,'[\"ODDG-PP\",\"EOD-PO\",\"EOD-PO\"]',NULL,'Pending','SAMPE','Normal','2025-11-26 23:39:13','2025-11-26 23:39:13'),(80,'27112025-00017','doC44454','2025-11-27 00:00:00',NULL,'TEST','ODDG-PP','EOD-PO',23,NULL,'PDF','undefined',NULL,'2025-11-28','TEST','2025-11-27 07:45:58',0,0,'[\"ODDG-PP\",\"EOD-PO\",\"EOD-PO\"]',NULL,'Pending','ASDFA','Normal','2025-11-26 23:45:58','2025-11-26 23:45:58'),(81,'27112025-00018','DOC987','2025-11-27 00:00:00',NULL,'TEST','ODDG-PP','EOD-PO',23,NULL,'PDF','undefined',NULL,'2025-12-01','TEST','2025-11-27 07:47:13',0,0,'[\"ODDG-PP\",\"EOD-PO\",\"EOD-PO\"]',NULL,'Pending','TEST','Normal','2025-11-26 23:47:13','2025-11-26 23:47:13'),(82,'27112025-00019','asd','2025-11-27 00:00:00',NULL,'asd','ODDG-PP','EOD-NITESD',19,NULL,'PDF','undefined',NULL,'2025-11-28','asd','2025-11-27 07:47:17',0,0,'[\"ODDG-PP\",\"ODDG-PP\",\"EOD-NITESD\"]',NULL,'Pending','asd','Normal','2025-11-26 23:47:17','2025-11-26 23:47:17'),(83,'27112025-00020','DOC9876','2025-11-27 00:00:00',NULL,'TEST','ODDG-PP','EOD-PO',23,NULL,'PDF','undefined',NULL,'2025-12-01','TEST','2025-11-27 07:54:50',0,0,'[\"ODDG-PP\",\"EOD-PO\",\"EOD-PO\"]',NULL,'Pending',NULL,'Normal','2025-11-26 23:54:50','2025-11-26 23:54:50'),(90,'28112025-00001','asdas','2025-11-28 00:00:00',NULL,'adsads','ODDG-PP','ODDG-PP',26,NULL,'PDF','INVITATION LETTERS & CONFORME',NULL,NULL,'adsds','2025-11-28 03:16:40',1,17,'[\"ODDG-PP\",\"EOD-QSO\"]',NULL,'Complete','adsadadasda','Normal','2025-11-27 17:39:01','2025-11-27 19:33:56'),(91,'28112025-00002','dbbvbcb','2025-11-28 00:00:00',NULL,'vcbcvbc','ODDG-PP','ODDG-PP',26,NULL,'PDF','ROUTE SLIP',NULL,NULL,'cvbcbv','2025-11-28 01:39:43',0,0,'[\"ODDG-PP\",\"EOD-QSO\"]',NULL,'Complete','cvcvbbvbc','Normal','2025-11-27 17:39:43','2025-11-27 19:04:19'),(92,'28112025-00003','asddada','2025-11-28 00:00:00',NULL,'asdad','ODDG-PP','ODDG-PP',26,NULL,'PDF','TESDA ORDER',NULL,NULL,'asdasd','2025-11-28 01:44:56',0,0,'[\"ODDG-PP\",\"EOD-QSO\"]',NULL,'Complete','adsads','Normal','2025-11-27 17:44:56','2025-11-27 19:04:28'),(93,'28112025-00004','!@#!@$!@#!@$!@#!@$!#!@#!@','2025-11-28 00:00:00',NULL,'&lt;script&gt;alert(&#x27;XSS&#x27;)&lt;&#x2F;script&gt;','FOCAL-TEST','FOCAL-TEST',17,NULL,'PDF','MESSAGE',NULL,NULL,'&lt;img src=&quot;x&quot; onerror=&quot;alert(&#x27;XSS&#x27;)&quot;&gt;','2025-11-28 08:59:33',0,0,'[\"FOCAL-TEST\",\"ODDG-PP\"]',NULL,'Pending','&#x27;&gt;&lt;script&gt;alert(1)&lt;&#x2F;script&gt;','Normal','2025-11-28 00:59:33','2025-11-28 00:59:33');
/*!40000 ALTER TABLE `documents` ENABLE KEYS */;
UNLOCK TABLES;

--
-- Table structure for table `failed_jobs`
--

DROP TABLE IF EXISTS `failed_jobs`;
/*!40101 SET @saved_cs_client     = @@character_set_client */;
/*!50503 SET character_set_client = utf8mb4 */;
CREATE TABLE `failed_jobs` (
  `id` bigint(20) unsigned NOT NULL AUTO_INCREMENT,
  `uuid` varchar(255) NOT NULL,
  `connection` text NOT NULL,
  `queue` text NOT NULL,
  `payload` longtext NOT NULL,
  `exception` longtext NOT NULL,
  `failed_at` timestamp NOT NULL DEFAULT current_timestamp(),
  PRIMARY KEY (`id`),
  UNIQUE KEY `failed_jobs_uuid_unique` (`uuid`)
) ENGINE=InnoDB DEFAULT CHARSET=utf8mb4 COLLATE=utf8mb4_unicode_ci;
/*!40101 SET character_set_client = @saved_cs_client */;

--
-- Dumping data for table `failed_jobs`
--

LOCK TABLES `failed_jobs` WRITE;
/*!40000 ALTER TABLE `failed_jobs` DISABLE KEYS */;
/*!40000 ALTER TABLE `failed_jobs` ENABLE KEYS */;
UNLOCK TABLES;

--
-- Table structure for table `files`
--

DROP TABLE IF EXISTS `files`;
/*!40101 SET @saved_cs_client     = @@character_set_client */;
/*!50503 SET character_set_client = utf8mb4 */;
CREATE TABLE `files` (
  `file_id` bigint(20) unsigned NOT NULL AUTO_INCREMENT,
  `document_id` bigint(20) unsigned NOT NULL,
  `file_name` varchar(1000) DEFAULT NULL,
  `file_path` varchar(255) NOT NULL,
  `file_password` varchar(255) DEFAULT NULL,
  `uploading_office` varchar(255) NOT NULL,
  `uploaded_by` bigint(20) unsigned NOT NULL,
  `uploaded_at` timestamp NOT NULL DEFAULT current_timestamp(),
  PRIMARY KEY (`file_id`),
  KEY `files_document_id_foreign` (`document_id`),
  KEY `files_uploaded_by_foreign` (`uploaded_by`),
  CONSTRAINT `files_document_id_foreign` FOREIGN KEY (`document_id`) REFERENCES `documents` (`document_id`) ON DELETE CASCADE,
  CONSTRAINT `files_uploaded_by_foreign` FOREIGN KEY (`uploaded_by`) REFERENCES `users` (`id`) ON DELETE CASCADE
) ENGINE=InnoDB AUTO_INCREMENT=92 DEFAULT CHARSET=utf8mb4 COLLATE=utf8mb4_unicode_ci;
/*!40101 SET character_set_client = @saved_cs_client */;

--
-- Dumping data for table `files`
--

LOCK TABLES `files` WRITE;
/*!40000 ALTER TABLE `files` DISABLE KEYS */;
INSERT INTO `files` VALUES (60,65,'CONFORME_-_Various_Game_Devt_Qualifications_v2_sgd.-1.pdf','assets/documents/EOD-QSO/pdf/6927f09010173-CONFORME_-_Various_Game_Devt_Qualifications_v2_sgd.-1.pdf',NULL,'EOD-QSO',22,'2025-11-26 22:32:48'),(61,66,'QSO_MEMO_NO._583_sgd.pdf','assets/documents/ODDG-PP/pdf/6927f0d6195ca-QSO_MEMO_NO._583_sgd.pdf',NULL,'ODDG-PP',23,'2025-11-26 22:33:58'),(63,68,'QSO_MEMO_NO._583.pdf','assets/documents/EOD-PO/pdf/6927f1247cb1f-QSO_MEMO_NO._583.pdf',NULL,'EOD-PO',23,'2025-11-26 22:35:16'),(64,69,'6923ec3762279-Untitled_design_(6).pdf','assets/documents/ODDG-PP/pdf/6927f18764580-6923ec3762279-Untitled_design_(6).pdf',NULL,'ODDG-PP',17,'2025-11-26 22:36:55'),(65,71,'Solution_Design_Document_ODDGPP_Document_Monitoring_Tool_31October2025_87dd9a7a-cd11-44ea-93cc-8ee7e3555c4f.pdf','assets/documents/DEV/pdf/6927f5b812189-Solution_Design_Document_ODDGPP_Document_Monitoring_Tool_31October2025_87dd9a7a-cd11-44ea-93cc-8ee7e3555c4f.pdf',NULL,'DEV',19,'2025-11-26 22:54:48'),(67,73,'ODDGPP_Document_Monitoring_Tool_Quality_Assurance_Framework_and_User_Acceptance_Testing_Plan_17Nov2025.pdf','assets/documents/DEV/pdf/6927f774c7ee8-ODDGPP_Document_Monitoring_Tool_Quality_Assurance_Framework_and_User_Acceptance_Testing_Plan_17Nov2025.pdf',NULL,'DEV',18,'2025-11-26 23:02:12'),(68,74,'6927f103cf28d-ODDGPP_Document_Monitoring_Tool_Quality_Assurance_Framework_and_User_Acceptance_Testing_Plan_17Nov2025.pdf','assets/documents/ODDG-PP/pdf/6927f9805d3c2-6927f103cf28d-ODDGPP_Document_Monitoring_Tool_Quality_Assurance_Framework_and_User_Acceptance_Testing_Plan_17Nov2025.pdf',NULL,'ODDG-PP',19,'2025-11-26 23:10:56'),(69,75,'Solution_Design_Document_ODDGPP_Document_Monitoring_Tool_31October2025_87dd9a7a-cd11-44ea-93cc-8ee7e3555c4f.pdf','assets/documents/ODDG-PP/pdf/6927f9c322578-Solution_Design_Document_ODDGPP_Document_Monitoring_Tool_31October2025_87dd9a7a-cd11-44ea-93cc-8ee7e3555c4f.pdf',NULL,'ODDG-PP',19,'2025-11-26 23:12:03'),(70,69,'6927f18764580-6923ec3762279-Untitled_design_(6).pdf','assets/documents/ODDG-PP/pdf/6927fd0b2b35d-6927f18764580-6923ec3762279-Untitled_design_(6).pdf',NULL,'ODDG-PP',22,'2025-11-26 23:26:03'),(72,77,'Minutes_of_Meeting_BSRS_Optimization_Meeting_with_SageSoft_Solutions.pdf','assets/documents/DEVELOPERMAN/pdf/6927ff35ab484-Minutes_of_Meeting_BSRS_Optimization_Meeting_with_SageSoft_Solutions.pdf',NULL,'DEVELOPERMAN',19,'2025-11-26 23:35:17'),(73,78,'ODDGPP_Document_Monitoring_Tool_Quality_Assurance_Framework_and_User_Acceptance_Testing_Plan_17Nov2025.pdf','assets/documents/ODDG-PP/pdf/6927ffad08956-ODDGPP_Document_Monitoring_Tool_Quality_Assurance_Framework_and_User_Acceptance_Testing_Plan_17Nov2025.pdf',NULL,'ODDG-PP',23,'2025-11-26 23:37:17'),(74,79,'ODDGPP_Document_Monitoring_Tool_Quality_Assurance_Framework_and_User_Acceptance_Testing_Plan_17Nov2025.pdf','assets/documents/ODDG-PP/pdf/69280021aec0b-ODDGPP_Document_Monitoring_Tool_Quality_Assurance_Framework_and_User_Acceptance_Testing_Plan_17Nov2025.pdf',NULL,'ODDG-PP',23,'2025-11-26 23:39:13'),(75,80,'6927f0d6195ca-QSO_MEMO_NO._583_sgd_(1).pdf','assets/documents/ODDG-PP/pdf/692801b6f4091-6927f0d6195ca-QSO_MEMO_NO._583_sgd_(1).pdf',NULL,'ODDG-PP',23,'2025-11-26 23:45:59'),(76,81,'6927f0d6195ca-QSO_MEMO_NO._583_sgd_(1).pdf','assets/documents/ODDG-PP/pdf/6928020152e6d-6927f0d6195ca-QSO_MEMO_NO._583_sgd_(1).pdf',NULL,'ODDG-PP',23,'2025-11-26 23:47:13'),(77,82,'Solution_Design_Document_ODDGPP_Document_Monitoring_Tool_31October2025_87dd9a7a-cd11-44ea-93cc-8ee7e3555c4f.pdf','assets/documents/ODDG-PP/pdf/692802059d40b-Solution_Design_Document_ODDGPP_Document_Monitoring_Tool_31October2025_87dd9a7a-cd11-44ea-93cc-8ee7e3555c4f.pdf',NULL,'ODDG-PP',19,'2025-11-26 23:47:17'),(78,83,'6927f0d6195ca-QSO_MEMO_NO._583_sgd_(1).pdf','assets/documents/ODDG-PP/pdf/692803cac40fd-6927f0d6195ca-QSO_MEMO_NO._583_sgd_(1).pdf',NULL,'ODDG-PP',23,'2025-11-26 23:54:50'),(85,90,'6927f18764580-6923ec3762279-Untitled_design_(6).pdf','assets/documents/ODDG-PP/pdf/6928fd3548f7b-6927f18764580-6923ec3762279-Untitled_design_(6).pdf',NULL,'ODDG-PP',26,'2025-11-27 17:39:01'),(86,91,'6927bf2434db3-Daily_Accomplishment_Report_-_November_11,_2025_to_November_25,_2025_(1)_(1).pdf','assets/documents/ODDG-PP/pdf/6928fd5ff1484-6927bf2434db3-Daily_Accomplishment_Report_-_November_11,_2025_to_November_25,_2025_(1)_(1).pdf',NULL,'ODDG-PP',26,'2025-11-27 17:39:43'),(87,92,'6927f18764580-6923ec3762279-Untitled_design_(6).pdf','assets/documents/ODDG-PP/pdf/6928fe9886c2d-6927f18764580-6923ec3762279-Untitled_design_(6).pdf',NULL,'ODDG-PP',26,'2025-11-27 17:44:56'),(88,90,'6927f18764580-6923ec3762279-Untitled_design_(6).pdf','assets/documents/ODDG-PP/pdf/6929117e71486-6927f18764580-6923ec3762279-Untitled_design_(6).pdf',NULL,'EOD-PO',17,'2025-11-27 19:05:34'),(89,90,'6927f18764580-6923ec3762279-Untitled_design_(6).pdf','assets/documents/ODDG-PP/pdf/692914181573e-6927f18764580-6923ec3762279-Untitled_design_(6).pdf',NULL,'ODDG-PP',22,'2025-11-27 19:16:40'),(90,66,'6927f18764580-6923ec3762279-Untitled_design_(6).pdf','assets/documents/ODDG-PP/pdf/692915f40f504-6927f18764580-6923ec3762279-Untitled_design_(6).pdf',NULL,'EOD-QSO',22,'2025-11-27 19:24:36'),(91,93,'Deputy_Director_General_for_Policies_and_Planning_(3).pdf','assets/documents/FOCAL-TEST/pdf/6929647582ca3-Deputy_Director_General_for_Policies_and_Planning_(3).pdf',NULL,'FOCAL-TEST',17,'2025-11-28 00:59:33');
/*!40000 ALTER TABLE `files` ENABLE KEYS */;
UNLOCK TABLES;

--
-- Table structure for table `listing_photos`
--

DROP TABLE IF EXISTS `listing_photos`;
/*!40101 SET @saved_cs_client     = @@character_set_client */;
/*!50503 SET character_set_client = utf8mb4 */;
CREATE TABLE `listing_photos` (
  `id` bigint(20) unsigned NOT NULL AUTO_INCREMENT,
  `created_at` timestamp NULL DEFAULT NULL,
  `updated_at` timestamp NULL DEFAULT NULL,
  PRIMARY KEY (`id`)
) ENGINE=InnoDB DEFAULT CHARSET=utf8mb4 COLLATE=utf8mb4_unicode_ci;
/*!40101 SET character_set_client = @saved_cs_client */;

--
-- Dumping data for table `listing_photos`
--

LOCK TABLES `listing_photos` WRITE;
/*!40000 ALTER TABLE `listing_photos` DISABLE KEYS */;
/*!40000 ALTER TABLE `listing_photos` ENABLE KEYS */;
UNLOCK TABLES;

--
-- Table structure for table `listings`
--

DROP TABLE IF EXISTS `listings`;
/*!40101 SET @saved_cs_client     = @@character_set_client */;
/*!50503 SET character_set_client = utf8mb4 */;
CREATE TABLE `listings` (
  `id` bigint(20) unsigned NOT NULL AUTO_INCREMENT,
  `property_name` varchar(255) NOT NULL,
  `address` varchar(255) NOT NULL,
  `description` text DEFAULT NULL,
  `price` varchar(255) DEFAULT NULL,
  `link` varchar(255) DEFAULT NULL,
  `status` enum('Active','Pending','Sold') NOT NULL DEFAULT 'Active',
  `images` longtext CHARACTER SET utf8mb4 COLLATE utf8mb4_bin DEFAULT NULL CHECK (json_valid(`images`)),
  `created_at` timestamp NULL DEFAULT NULL,
  `updated_at` timestamp NULL DEFAULT NULL,
  PRIMARY KEY (`id`)
) ENGINE=InnoDB DEFAULT CHARSET=utf8mb4 COLLATE=utf8mb4_unicode_ci;
/*!40101 SET character_set_client = @saved_cs_client */;

--
-- Dumping data for table `listings`
--

LOCK TABLES `listings` WRITE;
/*!40000 ALTER TABLE `listings` DISABLE KEYS */;
/*!40000 ALTER TABLE `listings` ENABLE KEYS */;
UNLOCK TABLES;

--
-- Table structure for table `mailer_settings`
--

DROP TABLE IF EXISTS `mailer_settings`;
/*!40101 SET @saved_cs_client     = @@character_set_client */;
/*!50503 SET character_set_client = utf8mb4 */;
CREATE TABLE `mailer_settings` (
  `id` bigint(20) unsigned NOT NULL AUTO_INCREMENT,
  `mail_mailer` varchar(255) NOT NULL DEFAULT 'smtp',
  `mail_host` varchar(255) DEFAULT NULL,
  `mail_port` varchar(255) DEFAULT NULL,
  `mail_username` varchar(255) DEFAULT NULL,
  `mail_password` varchar(255) DEFAULT NULL,
  `mail_encryption` varchar(255) DEFAULT NULL,
  `mail_from_address` varchar(255) DEFAULT NULL,
  `mail_from_name` varchar(255) DEFAULT NULL,
  `created_at` timestamp NULL DEFAULT NULL,
  `updated_at` timestamp NULL DEFAULT NULL,
  PRIMARY KEY (`id`)
) ENGINE=InnoDB DEFAULT CHARSET=utf8mb4 COLLATE=utf8mb4_unicode_ci;
/*!40101 SET character_set_client = @saved_cs_client */;

--
-- Dumping data for table `mailer_settings`
--

LOCK TABLES `mailer_settings` WRITE;
/*!40000 ALTER TABLE `mailer_settings` DISABLE KEYS */;
/*!40000 ALTER TABLE `mailer_settings` ENABLE KEYS */;
UNLOCK TABLES;

--
-- Table structure for table `migrations`
--

DROP TABLE IF EXISTS `migrations`;
/*!40101 SET @saved_cs_client     = @@character_set_client */;
/*!50503 SET character_set_client = utf8mb4 */;
CREATE TABLE `migrations` (
  `id` int(10) unsigned NOT NULL AUTO_INCREMENT,
  `migration` varchar(255) NOT NULL,
  `batch` int(11) NOT NULL,
  PRIMARY KEY (`id`)
) ENGINE=InnoDB AUTO_INCREMENT=63 DEFAULT CHARSET=utf8mb4 COLLATE=utf8mb4_unicode_ci;
/*!40101 SET character_set_client = @saved_cs_client */;

--
-- Dumping data for table `migrations`
--

LOCK TABLES `migrations` WRITE;
/*!40000 ALTER TABLE `migrations` DISABLE KEYS */;
INSERT INTO `migrations` VALUES (1,'2014_10_12_000000_create_users_table',1),(2,'2014_10_12_100000_create_password_reset_tokens_table',1),(3,'2019_08_19_000000_create_failed_jobs_table',1),(4,'2019_12_14_000001_create_personal_access_tokens_table',1),(5,'2025_10_01_211517_add_role_to_users_table',1),(6,'2025_10_01_211540_create_nav_menus_table',1),(7,'2025_10_01_211604_create_themes_table',1),(8,'2025_10_02_161929_add_role_id_to_users_table',1),(9,'2025_10_02_163004_create_table_for_settings_role',1),(10,'2025_10_02_163732_rename_title_in_posts_table',1),(11,'2025_10_02_163754_rename_title_in_posts_table',1),(12,'2025_10_03_180527_add_parentmenu',1),(13,'2025_10_04_144632_create_mailer_settings_table',1),(14,'2025_10_27_011437_update_role_idcolumn_from_users',1),(15,'2025_10_28_125539_create_listings_table',1),(16,'2025_10_28_135008_create_listing_photos_table',1),(25,'2025_11_05_010550_create_office_table',2),(26,'2025_11_05_010843_create_userconfig_table',2),(27,'2025_11_05_034143_add_office_id_to_users_table',2),(28,'2025_11_05_051201_instert_user_status',3),(30,'2025_11_06_035725_insert_order_in_nav_menus',4),(35,'2025_11_11_034055_create_documents_table',5),(36,'2025_11_11_034126_create_files_table',5),(37,'2025_11_11_034136_create_modifications_table',5),(38,'2025_11_11_034145_create_notifications_table',5),(39,'2025_11_11_072346_create_activities_table',6),(40,'2025_11_11_085126_update_document_table_column_control_number_to_varchar',7),(41,'2025_11_13_010728_add_document_code_to_document_table',8),(42,'2025_11_14_013954_create_document_types_table',9),(43,'2025_11_14_035018_update_activities_column_document_control_number_to_varchar',10),(44,'2025_11_14_061351_add_remarks_to_documents_table',11),(45,'2025_11_14_061419_add_routed_to_and_final_remarks_to_activities_table',11),(46,'2025_11_14_070758_add_office_origin_destination_routed_to_to_notifications_table',12),(47,'2025_11_14_080109_add_due_date_to_document_table',13),(48,'2025_11_14_081811_update_date_of_docs_to_nullable',14),(49,'2025_11_17_014429_add_file_name_to_files_table',15),(50,'2025_11_19_053136_add_final_approval_column_to_activities_table',16),(51,'2025_11_20_070853_add_to_external_column_to_activities',17),(52,'2025_11_20_073528_add_recepient_id_to_document_table',18),(53,'2025_11_21_003414_add_from_user_id_to_notification_table',19),(54,'2025_11_21_003910_add_fromuserid_to_activities_table',20),(55,'2025_11_21_015324_create_approval_table',21),(56,'2025_11_21_033628_add_status_column_to_approval_table',22),(57,'2025_11_24_031110_add_allowed_office_to_nav_menus',23),(58,'2025_11_24_053210_add_label_to_documents_table',24),(59,'2025_11_24_075644_update_document_id_from_approval_table',25),(60,'2025_11_25_091039_add_receipt_confirmation_column_to_document_table',26),(62,'2025_11_26_004903_update_date_forwarded_to_datetime',27);
/*!40000 ALTER TABLE `migrations` ENABLE KEYS */;
UNLOCK TABLES;

--
-- Table structure for table `modifications`
--

DROP TABLE IF EXISTS `modifications`;
/*!40101 SET @saved_cs_client     = @@character_set_client */;
/*!50503 SET character_set_client = utf8mb4 */;
CREATE TABLE `modifications` (
  `modification_id` bigint(20) unsigned NOT NULL AUTO_INCREMENT,
  `document_id` bigint(20) unsigned NOT NULL,
  `modified_by` bigint(20) unsigned NOT NULL,
  `modification_type` varchar(50) NOT NULL,
  `old_value` text DEFAULT NULL,
  `new_value` text DEFAULT NULL,
  `modified_at` timestamp NOT NULL DEFAULT current_timestamp(),
  PRIMARY KEY (`modification_id`),
  KEY `modifications_document_id_foreign` (`document_id`),
  KEY `modifications_modified_by_foreign` (`modified_by`),
  CONSTRAINT `modifications_document_id_foreign` FOREIGN KEY (`document_id`) REFERENCES `documents` (`document_id`) ON DELETE CASCADE,
  CONSTRAINT `modifications_modified_by_foreign` FOREIGN KEY (`modified_by`) REFERENCES `users` (`id`) ON DELETE CASCADE
) ENGINE=InnoDB AUTO_INCREMENT=2 DEFAULT CHARSET=utf8mb4 COLLATE=utf8mb4_unicode_ci;
/*!40101 SET character_set_client = @saved_cs_client */;

--
-- Dumping data for table `modifications`
--

LOCK TABLES `modifications` WRITE;
/*!40000 ALTER TABLE `modifications` DISABLE KEYS */;
/*!40000 ALTER TABLE `modifications` ENABLE KEYS */;
UNLOCK TABLES;

--
-- Table structure for table `nav_menus`
--

DROP TABLE IF EXISTS `nav_menus`;
/*!40101 SET @saved_cs_client     = @@character_set_client */;
/*!50503 SET character_set_client = utf8mb4 */;
CREATE TABLE `nav_menus` (
  `id` bigint(20) unsigned NOT NULL AUTO_INCREMENT,
  `title` varchar(255) NOT NULL,
  `icon` varchar(255) DEFAULT NULL,
  `link` varchar(255) NOT NULL,
  `allowed_roles` longtext CHARACTER SET utf8mb4 COLLATE utf8mb4_bin NOT NULL CHECK (json_valid(`allowed_roles`)),
  `allowed_office` varchar(255) DEFAULT NULL,
  `parent_menu` int(11) NOT NULL DEFAULT 0,
  `menu_order` int(11) NOT NULL DEFAULT 0,
  `created_at` timestamp NULL DEFAULT NULL,
  `updated_at` timestamp NULL DEFAULT NULL,
  PRIMARY KEY (`id`)
) ENGINE=InnoDB AUTO_INCREMENT=14 DEFAULT CHARSET=utf8mb4 COLLATE=utf8mb4_unicode_ci;
/*!40101 SET character_set_client = @saved_cs_client */;

--
-- Dumping data for table `nav_menus`
--

LOCK TABLES `nav_menus` WRITE;
/*!40000 ALTER TABLE `nav_menus` DISABLE KEYS */;
INSERT INTO `nav_menus` VALUES (1,'Dashboard','fas fa-home','/page_dashboard','[\"Developer\",\"ADMIN\",\"TESDS\",\"EA\",\"AED\",\"ED\",\"DDG\",\"DIVISION-CHIEF\",\"DIVISION-ADMIN\",\"DIVISION-SupervisingTESDS\",\"Sr-TESDS\"]','[\"DEV\",\"ODDG-PP\",\"EOD-PO\",\"EOD-QSO\",\"EOD-NITESD\",\"FOCAL-TEST\",\"FOCAL-TEST2\"]',0,1,'2025-11-03 22:19:19','2025-11-23 20:05:20'),(2,'User Management','fas fa-users','/page_usermanagement','[\"Developer\",\"ADMIN\",\"TESDS\",\"EA\",\"AED\",\"ED\",\"DDG\",\"DIVISION-CHIEF\",\"DIVISION-ADMIN\",\"DIVISION-SupervisingTESDS\",\"Sr-TESDS\"]','[\"DEV\",\"ODDG-PP\"]',0,4,'2025-11-03 22:19:19','2025-11-23 20:14:50'),(3,'Developer Option','fas fa-users','#','[\"Developer\"]','[\"DEV\",\"ODDG-PP\",\"EOD-PO\",\"EOD-QSO\",\"EOD-NITESD\",\"FOCAL-TEST\",\"FOCAL-TEST2\"]',0,6,'2025-11-03 22:19:19','2025-11-23 20:50:44'),(4,'Mailer',NULL,'/page_mailer','[\"Developer\"]','[\"DEV\",\"ODDG-PP\",\"EOD-PO\",\"EOD-QSO\",\"EOD-NITESD\",\"FOCAL-TEST\",\"FOCAL-TEST2\"]',3,1,'2025-11-03 22:19:19','2025-11-23 20:50:44'),(5,'Menus',NULL,'/page_menus','[\"Developer\"]','[\"DEV\",\"ODDG-PP\",\"EOD-PO\",\"EOD-QSO\",\"EOD-NITESD\",\"FOCAL-TEST\",\"FOCAL-TEST2\"]',3,2,'2025-11-03 22:19:19','2025-11-23 20:50:44'),(6,'Documents',NULL,'/page_documents','[\"Developer\",\"ADMIN\",\"TESDS\",\"EA\",\"AED\",\"ED\",\"DDG\",\"DIVISION-CHIEF\",\"DIVISION-ADMIN\",\"DIVISION-SupervisingTESDS\",\"Sr-TESDS\"]','[\"DEV\",\"ODDG-PP\",\"EOD-PO\",\"EOD-QSO\",\"EOD-NITESD\",\"FOCAL-TEST\",\"FOCAL-TEST2\"]',0,3,'2025-11-04 01:04:07','2025-11-23 20:14:27'),(7,'Reports',NULL,'#','[\"Developer\",\"ADMIN\",\"TESDS\",\"EA\",\"AED\",\"ED\",\"DDG\",\"DIVISION-CHIEF\",\"DIVISION-ADMIN\",\"DIVISION-SupervisingTESDS\",\"Sr-TESDS\"]','[\"DEV\",\"ODDG-PP\",\"EOD-PO\",\"EOD-QSO\",\"EOD-NITESD\",\"FOCAL-TEST\",\"FOCAL-TEST2\"]',0,5,'2025-11-04 01:04:47','2025-11-23 20:30:42'),(8,'For Approval',NULL,'/page_approvals','[\"Developer\",\"TESDS\",\"EA\",\"AED\",\"ED\",\"DDG\",\"DIVISION-CHIEF\",\"DIVISION-SupervisingTESDS\",\"Sr-TESDS\"]','[\"DEV\",\"ODDG-PP\",\"EOD-PO\",\"EOD-QSO\",\"EOD-NITESD\",\"FOCAL-TEST\",\"FOCAL-TEST2\"]',0,2,'2025-11-04 01:05:11','2025-11-23 20:13:58'),(9,'User Report',NULL,'/page_reports_users','[\"Developer\",\"ADMIN\",\"TESDS\",\"EA\",\"AED\",\"ED\",\"DDG\",\"DIVISION-CHIEF\",\"DIVISION-ADMIN\",\"DIVISION-SupervisingTESDS\",\"Sr-TESDS\"]','[\"DEV\",\"ODDG-PP\",\"EOD-PO\",\"EOD-QSO\",\"EOD-NITESD\",\"FOCAL-TEST\",\"FOCAL-TEST2\"]',7,1,'2025-11-04 01:05:48','2025-11-23 20:30:42'),(10,'Document Report',NULL,'/page_reports_documents','[\"Developer\",\"ADMIN\",\"TESDS\",\"EA\",\"AED\",\"ED\",\"DDG\",\"DIVISION-CHIEF\",\"DIVISION-ADMIN\",\"DIVISION-SupervisingTESDS\",\"Sr-TESDS\"]','[\"DEV\",\"ODDG-PP\",\"EOD-PO\",\"EOD-QSO\",\"EOD-NITESD\",\"FOCAL-TEST\",\"FOCAL-TEST2\"]',7,2,'2025-11-04 01:06:25','2025-11-23 20:30:42'),(11,'Settings',NULL,'/page_settings','[\"Developer\"]','[\"DEV\",\"ODDG-PP\",\"EOD-PO\",\"EOD-QSO\",\"EOD-NITESD\",\"FOCAL-TEST\",\"FOCAL-TEST2\"]',3,3,'2025-11-04 17:02:48','2025-11-23 20:50:44');
/*!40000 ALTER TABLE `nav_menus` ENABLE KEYS */;
UNLOCK TABLES;

--
-- Table structure for table `notifications`
--

DROP TABLE IF EXISTS `notifications`;
/*!40101 SET @saved_cs_client     = @@character_set_client */;
/*!50503 SET character_set_client = utf8mb4 */;
CREATE TABLE `notifications` (
  `id` bigint(20) unsigned NOT NULL AUTO_INCREMENT,
  `office_origin` varchar(255) DEFAULT NULL,
  `destination_office` varchar(255) DEFAULT NULL,
  `routed_to` int(11) DEFAULT NULL,
  `document_id` bigint(20) unsigned NOT NULL,
  `user_id` bigint(20) unsigned NOT NULL,
  `from_user_id` varchar(10) DEFAULT NULL,
  `message` text NOT NULL,
  `is_read` tinyint(1) NOT NULL DEFAULT 0,
  `created_at` timestamp NULL DEFAULT NULL,
  `updated_at` timestamp NULL DEFAULT NULL,
  PRIMARY KEY (`id`),
  KEY `notifications_document_id_foreign` (`document_id`),
  KEY `notifications_user_id_foreign` (`user_id`),
  CONSTRAINT `notifications_document_id_foreign` FOREIGN KEY (`document_id`) REFERENCES `documents` (`document_id`) ON DELETE CASCADE,
  CONSTRAINT `notifications_user_id_foreign` FOREIGN KEY (`user_id`) REFERENCES `users` (`id`) ON DELETE CASCADE
) ENGINE=InnoDB AUTO_INCREMENT=308 DEFAULT CHARSET=utf8mb4 COLLATE=utf8mb4_unicode_ci;
/*!40101 SET character_set_client = @saved_cs_client */;

--
-- Dumping data for table `notifications`
--

LOCK TABLES `notifications` WRITE;
/*!40000 ALTER TABLE `notifications` DISABLE KEYS */;
INSERT INTO `notifications` VALUES (227,'EOD-QSO','ODDG-PP',NULL,65,17,'22','New document uploaded: 1223',1,'2025-11-26 22:32:48','2025-11-28 01:08:32'),(228,'EOD-QSO','ODDG-PP',NULL,65,18,'22','New document uploaded: 1223',1,'2025-11-26 22:32:48','2025-11-26 23:31:10'),(229,'ODDG-PP','EOD-PO',NULL,66,22,'23','New document uploaded: 1236',1,'2025-11-26 22:33:58','2025-11-27 19:21:01'),(230,'ODDG-PP','EOD-PO',NULL,66,23,'23','New document uploaded: 1236',1,'2025-11-26 22:33:58','2025-11-26 23:39:38'),(231,'EOD-PO','ODDG-PP',NULL,68,17,'23','New document uploaded: 7894',1,'2025-11-26 22:35:16','2025-11-28 01:08:32'),(232,'EOD-PO','ODDG-PP',NULL,68,18,'23','New document uploaded: 7894',1,'2025-11-26 22:35:16','2025-11-26 23:31:10'),(233,'ODDG-PP','EOD-PO',NULL,69,22,'17','New document uploaded: TEST123',1,'2025-11-26 22:36:55','2025-11-27 19:21:01'),(234,'ODDG-PP','EOD-PO',NULL,69,23,'17','New document uploaded: TEST123',1,'2025-11-26 22:36:55','2025-11-26 23:39:38'),(235,'ODDG-PP','EOD-PO',NULL,69,17,'22','22 has confirmed receipt of the document',1,'2025-11-26 22:39:18','2025-11-28 01:08:32'),(236,'ODDG-PP','EOD-PO',NULL,69,24,'22','27112025-00006 has been routed you by  test.poadmin01 for approval',1,'2025-11-26 22:40:29','2025-11-26 23:09:57'),(237,'EOD-PO','EOD-PO',NULL,69,25,'24','27112025-00006 has been routed to you for approval',1,'2025-11-26 22:42:56','2025-11-26 22:55:03'),(238,'ODDG-PP','EOD-PO',NULL,69,22,'25','TEST123 Has been approved. you may route this to the origin office',1,'2025-11-26 22:45:02','2025-11-27 19:21:01'),(239,'ODDG-PP','EOD-PO',NULL,69,23,'25','TEST123 Has been approved. you may route this to the origin office',1,'2025-11-26 22:45:02','2025-11-26 23:39:38'),(240,'ODDG-PP','EOD-PO',NULL,69,24,'22','27112025-00006 has been routed you by  test.poadmin01 for approval',1,'2025-11-26 22:52:01','2025-11-26 23:09:57'),(241,'ODDG-PP','EOD-PO',NULL,66,23,'22','22 has confirmed receipt of the document',1,'2025-11-26 22:52:25','2025-11-26 23:39:38'),(242,'EOD-PO','EOD-PO',NULL,69,25,'24','27112025-00006 has been routed to you for approval',1,'2025-11-26 22:54:24','2025-11-26 22:55:03'),(243,'DEV','DEV',NULL,71,16,'19','New document uploaded: 0222',0,'2025-11-26 22:54:48','2025-11-26 22:54:48'),(246,'ODDG-PP','EOD-PO',NULL,69,22,'25','TEST123 Has been approved. you may route this to the origin office',1,'2025-11-26 22:58:15','2025-11-27 19:21:01'),(247,'ODDG-PP','EOD-PO',NULL,69,23,'25','TEST123 Has been approved. you may route this to the origin office',1,'2025-11-26 22:58:15','2025-11-26 23:39:38'),(248,'DEV','ODDG-PP',NULL,73,17,'18','New document uploaded: test code',1,'2025-11-26 23:02:12','2025-11-28 01:08:32'),(249,'DEV','ODDG-PP',NULL,73,18,'18','New document uploaded: test code',1,'2025-11-26 23:02:12','2025-11-26 23:31:10'),(250,'ODDG-PP','EOD-NITESD',NULL,74,30,'19','New document uploaded: 7890',1,'2025-11-26 23:10:56','2025-11-27 00:07:41'),(251,'ODDG-PP','EOD-NITESD',NULL,74,31,'19','New document uploaded: 7890',0,'2025-11-26 23:10:56','2025-11-26 23:10:56'),(252,'ODDG-PP','EOD-NITESD',NULL,75,30,'19','New document uploaded: 4567',1,'2025-11-26 23:12:03','2025-11-27 00:07:41'),(253,'ODDG-PP','EOD-NITESD',NULL,75,31,'19','New document uploaded: 4567',0,'2025-11-26 23:12:03','2025-11-26 23:12:03'),(254,'ODDG-PP','ODDG-PP',NULL,69,17,'22','27112025-00006 has been signed ',1,'2025-11-26 23:26:03','2025-11-28 01:08:32'),(255,'ODDG-PP','ODDG-PP',NULL,69,18,'22','27112025-00006 has been signed ',1,'2025-11-26 23:26:03','2025-11-26 23:31:10'),(256,'ODDG-PP','EOD-PO',NULL,78,22,'23','New document uploaded: TEST9876',1,'2025-11-26 23:37:17','2025-11-27 19:21:01'),(257,'ODDG-PP','EOD-PO',NULL,78,23,'23','New document uploaded: TEST9876',1,'2025-11-26 23:37:17','2025-11-26 23:39:38'),(258,'ODDG-PP','ODDG-PP',NULL,69,17,'18','18 has confirmed receipt of the document',1,'2025-11-26 23:38:57','2025-11-28 01:08:32'),(259,'ODDG-PP','EOD-PO',NULL,79,22,'23','New document uploaded: DOC987',1,'2025-11-26 23:39:13','2025-11-27 19:21:01'),(260,'ODDG-PP','EOD-PO',NULL,79,23,'23','New document uploaded: DOC987',1,'2025-11-26 23:39:13','2025-11-26 23:39:38'),(261,'ODDG-PP','EOD-PO',NULL,80,22,'23','New document uploaded: doC44454',1,'2025-11-26 23:45:59','2025-11-27 19:21:01'),(262,'ODDG-PP','EOD-PO',NULL,80,23,'23','New document uploaded: doC44454',0,'2025-11-26 23:45:59','2025-11-26 23:45:59'),(263,'ODDG-PP','EOD-PO',NULL,81,22,'23','New document uploaded: DOC987',1,'2025-11-26 23:47:13','2025-11-27 19:21:01'),(264,'ODDG-PP','EOD-PO',NULL,81,23,'23','New document uploaded: DOC987',0,'2025-11-26 23:47:13','2025-11-26 23:47:13'),(265,'ODDG-PP','EOD-NITESD',NULL,82,30,'19','New document uploaded: asd',1,'2025-11-26 23:47:17','2025-11-27 00:07:41'),(266,'ODDG-PP','EOD-NITESD',NULL,82,31,'19','New document uploaded: asd',0,'2025-11-26 23:47:17','2025-11-26 23:47:17'),(267,'ODDG-PP','EOD-PO',NULL,83,22,'23','New document uploaded: DOC9876',1,'2025-11-26 23:54:50','2025-11-27 19:21:01'),(268,'ODDG-PP','EOD-PO',NULL,83,23,'23','New document uploaded: DOC9876',0,'2025-11-26 23:54:50','2025-11-26 23:54:50'),(281,'ODDG-PP','ODDG-PP',NULL,90,17,'26','New document uploaded: asdas',1,'2025-11-27 17:39:01','2025-11-28 01:08:32'),(282,'ODDG-PP','ODDG-PP',NULL,90,18,'26','New document uploaded: asdas',0,'2025-11-27 17:39:01','2025-11-27 17:39:01'),(283,'ODDG-PP','ODDG-PP',NULL,91,17,'26','New document uploaded: dbbvbcb',1,'2025-11-27 17:39:43','2025-11-28 01:08:32'),(284,'ODDG-PP','ODDG-PP',NULL,91,18,'26','New document uploaded: dbbvbcb',0,'2025-11-27 17:39:44','2025-11-27 17:39:44'),(285,'ODDG-PP','ODDG-PP',NULL,92,17,'26','New document uploaded: asddada',1,'2025-11-27 17:44:56','2025-11-28 01:08:32'),(286,'ODDG-PP','ODDG-PP',NULL,92,18,'26','New document uploaded: asddada',0,'2025-11-27 17:44:56','2025-11-27 17:44:56'),(287,'EOD-QSO','ODDG-PP',NULL,65,22,'17','17 has confirmed receipt of the document',1,'2025-11-27 18:56:53','2025-11-27 19:21:01'),(288,'EOD-QSO','ODDG-PP',NULL,65,22,'17','17 has confirmed receipt of the document',1,'2025-11-27 18:57:20','2025-11-27 19:21:01'),(289,'EOD-QSO','ODDG-PP',NULL,65,22,'17','17 has confirmed receipt of the document',1,'2025-11-27 18:58:15','2025-11-27 19:21:01'),(290,'EOD-PO','ODDG-PP',NULL,68,23,'17','17 has confirmed receipt of the document',0,'2025-11-27 19:00:28','2025-11-27 19:00:28'),(291,'DEV','ODDG-PP',NULL,73,18,'17','17 has confirmed receipt of the document',0,'2025-11-27 19:03:58','2025-11-27 19:03:58'),(292,'ODDG-PP','ODDG-PP',NULL,90,26,'17','17 has confirmed receipt of the document',0,'2025-11-27 19:04:09','2025-11-27 19:04:09'),(293,'ODDG-PP','ODDG-PP',NULL,91,26,'17','17 has confirmed receipt of the document',0,'2025-11-27 19:04:19','2025-11-27 19:04:19'),(294,'ODDG-PP','ODDG-PP',NULL,92,26,'17','17 has confirmed receipt of the document',0,'2025-11-27 19:04:28','2025-11-27 19:04:28'),(295,'ODDG-PP','EOD-PO',NULL,90,22,'17','28112025-00001 has been routed to EOD-PO by  test.ppadmin01',1,'2025-11-27 19:05:34','2025-11-27 19:21:01'),(296,'ODDG-PP','EOD-PO',NULL,90,23,'17','28112025-00001 has been routed to EOD-PO by  test.ppadmin01',0,'2025-11-27 19:05:34','2025-11-27 19:05:34'),(297,'ODDG-PP','EOD-PO',NULL,90,26,'22','22 has confirmed receipt of the document',0,'2025-11-27 19:06:08','2025-11-27 19:06:08'),(298,'ODDG-PP','ODDG-PP',NULL,90,17,'22','28112025-00001 has been routed to ODDG-PP by  test.poadmin01',1,'2025-11-27 19:16:40','2025-11-28 01:08:32'),(299,'ODDG-PP','ODDG-PP',NULL,90,18,'22','28112025-00001 has been routed to ODDG-PP by  test.poadmin01',0,'2025-11-27 19:16:40','2025-11-27 19:16:40'),(300,'ODDG-PP','EOD-QSO',NULL,66,26,'22','27112025-00003 has been routed to EOD-QSO by  test.poadmin01',0,'2025-11-27 19:24:36','2025-11-27 19:24:36'),(301,'ODDG-PP','EOD-QSO',NULL,66,27,'22','27112025-00003 has been routed to EOD-QSO by  test.poadmin01',0,'2025-11-27 19:24:36','2025-11-27 19:24:36'),(302,'DEV','ODDG-PP',NULL,71,19,'17','17 has confirmed receipt of the document',0,'2025-11-27 19:26:24','2025-11-27 19:26:24'),(303,'DEV','ODDG-PP',NULL,71,19,'17','17 has confirmed receipt of the document',0,'2025-11-27 19:26:42','2025-11-27 19:26:42'),(304,'ODDG-PP','ODDG-PP',NULL,90,26,'17','17 has confirmed receipt of the document',0,'2025-11-27 19:33:56','2025-11-27 19:33:56'),(305,'EOD-QSO','ODDG-PP',NULL,65,22,'17','17 has confirmed receipt of the document',0,'2025-11-27 19:34:33','2025-11-27 19:34:33'),(306,'DEV','ODDG-PP',NULL,71,19,'17','17 has confirmed receipt of the document',0,'2025-11-27 19:34:51','2025-11-27 19:34:51'),(307,'EOD-QSO','ODDG-PP',NULL,65,19,'17','27112025-00002 has been routed you by  test.ppadmin01 for approval',0,'2025-11-28 00:20:59','2025-11-28 00:20:59');
/*!40000 ALTER TABLE `notifications` ENABLE KEYS */;
UNLOCK TABLES;

--
-- Table structure for table `office_table`
--

DROP TABLE IF EXISTS `office_table`;
/*!40101 SET @saved_cs_client     = @@character_set_client */;
/*!50503 SET character_set_client = utf8mb4 */;
CREATE TABLE `office_table` (
  `office_id` int(10) unsigned NOT NULL AUTO_INCREMENT,
  `office_name` varchar(100) NOT NULL,
  `office_code` varchar(20) NOT NULL,
  `created_at` timestamp NOT NULL DEFAULT current_timestamp(),
  PRIMARY KEY (`office_id`),
  UNIQUE KEY `office_table_office_code_unique` (`office_code`)
) ENGINE=InnoDB AUTO_INCREMENT=13 DEFAULT CHARSET=utf8mb4 COLLATE=utf8mb4_unicode_ci;
/*!40101 SET character_set_client = @saved_cs_client */;

--
-- Dumping data for table `office_table`
--

LOCK TABLES `office_table` WRITE;
/*!40000 ALTER TABLE `office_table` DISABLE KEYS */;
INSERT INTO `office_table` VALUES (5,'DEV','DEV','2025-11-24 02:28:10'),(6,'ODDG-PP','PP','2025-11-23 18:35:37'),(7,'EOD-PO','PO','2025-11-23 18:35:51'),(8,'EOD-QSO','QSO','2025-11-23 18:36:01'),(9,'EOD-NITESD','NITESD','2025-11-23 18:36:12'),(10,'FOCAL-TEST','FOCTEST','2025-11-23 18:39:52'),(11,'FOCAL-TEST2','FOCTEST2','2025-11-23 18:41:54');
/*!40000 ALTER TABLE `office_table` ENABLE KEYS */;
UNLOCK TABLES;

--
-- Table structure for table `password_reset_tokens`
--

DROP TABLE IF EXISTS `password_reset_tokens`;
/*!40101 SET @saved_cs_client     = @@character_set_client */;
/*!50503 SET character_set_client = utf8mb4 */;
CREATE TABLE `password_reset_tokens` (
  `email` varchar(255) NOT NULL,
  `token` varchar(255) NOT NULL,
  `created_at` timestamp NULL DEFAULT NULL,
  PRIMARY KEY (`email`)
) ENGINE=InnoDB DEFAULT CHARSET=utf8mb4 COLLATE=utf8mb4_unicode_ci;
/*!40101 SET character_set_client = @saved_cs_client */;

--
-- Dumping data for table `password_reset_tokens`
--

LOCK TABLES `password_reset_tokens` WRITE;
/*!40000 ALTER TABLE `password_reset_tokens` DISABLE KEYS */;
/*!40000 ALTER TABLE `password_reset_tokens` ENABLE KEYS */;
UNLOCK TABLES;

--
-- Table structure for table `personal_access_tokens`
--

DROP TABLE IF EXISTS `personal_access_tokens`;
/*!40101 SET @saved_cs_client     = @@character_set_client */;
/*!50503 SET character_set_client = utf8mb4 */;
CREATE TABLE `personal_access_tokens` (
  `id` bigint(20) unsigned NOT NULL AUTO_INCREMENT,
  `tokenable_type` varchar(255) NOT NULL,
  `tokenable_id` bigint(20) unsigned NOT NULL,
  `name` varchar(255) NOT NULL,
  `token` varchar(64) NOT NULL,
  `abilities` text DEFAULT NULL,
  `last_used_at` timestamp NULL DEFAULT NULL,
  `expires_at` timestamp NULL DEFAULT NULL,
  `created_at` timestamp NULL DEFAULT NULL,
  `updated_at` timestamp NULL DEFAULT NULL,
  PRIMARY KEY (`id`),
  UNIQUE KEY `personal_access_tokens_token_unique` (`token`),
  KEY `personal_access_tokens_tokenable_type_tokenable_id_index` (`tokenable_type`,`tokenable_id`)
) ENGINE=InnoDB DEFAULT CHARSET=utf8mb4 COLLATE=utf8mb4_unicode_ci;
/*!40101 SET character_set_client = @saved_cs_client */;

--
-- Dumping data for table `personal_access_tokens`
--

LOCK TABLES `personal_access_tokens` WRITE;
/*!40000 ALTER TABLE `personal_access_tokens` DISABLE KEYS */;
/*!40000 ALTER TABLE `personal_access_tokens` ENABLE KEYS */;
UNLOCK TABLES;

--
-- Table structure for table `setting_role`
--

DROP TABLE IF EXISTS `setting_role`;
/*!40101 SET @saved_cs_client     = @@character_set_client */;
/*!50503 SET character_set_client = utf8mb4 */;
CREATE TABLE `setting_role` (
  `id` bigint(20) unsigned NOT NULL AUTO_INCREMENT,
  `role_name` varchar(255) NOT NULL,
  PRIMARY KEY (`id`)
) ENGINE=InnoDB AUTO_INCREMENT=5 DEFAULT CHARSET=utf8mb4 COLLATE=utf8mb4_unicode_ci;
/*!40101 SET character_set_client = @saved_cs_client */;

--
-- Dumping data for table `setting_role`
--

LOCK TABLES `setting_role` WRITE;
/*!40000 ALTER TABLE `setting_role` DISABLE KEYS */;
INSERT INTO `setting_role` VALUES (1,'superadmin'),(2,'admin'),(3,'user'),(4,'developer');
/*!40000 ALTER TABLE `setting_role` ENABLE KEYS */;
UNLOCK TABLES;

--
-- Table structure for table `themes`
--

DROP TABLE IF EXISTS `themes`;
/*!40101 SET @saved_cs_client     = @@character_set_client */;
/*!50503 SET character_set_client = utf8mb4 */;
CREATE TABLE `themes` (
  `id` bigint(20) unsigned NOT NULL AUTO_INCREMENT,
  `logo` varchar(255) DEFAULT NULL,
  `primary_color` varchar(255) NOT NULL DEFAULT '#1d4ed8',
  `secondary_color` varchar(255) NOT NULL DEFAULT '#64748b',
  `highlight_color` varchar(255) NOT NULL DEFAULT '#f59e0b',
  `accent_color` varchar(255) NOT NULL DEFAULT '#10b981',
  `created_at` timestamp NULL DEFAULT NULL,
  `updated_at` timestamp NULL DEFAULT NULL,
  PRIMARY KEY (`id`)
) ENGINE=InnoDB AUTO_INCREMENT=2 DEFAULT CHARSET=utf8mb4 COLLATE=utf8mb4_unicode_ci;
/*!40101 SET character_set_client = @saved_cs_client */;

--
-- Dumping data for table `themes`
--

LOCK TABLES `themes` WRITE;
/*!40000 ALTER TABLE `themes` DISABLE KEYS */;
INSERT INTO `themes` VALUES (1,'logo.png','#1d4ed8','#64748b','#f59e0b','#10b981',NULL,NULL);
/*!40000 ALTER TABLE `themes` ENABLE KEYS */;
UNLOCK TABLES;

--
-- Table structure for table `userconfig_table`
--

DROP TABLE IF EXISTS `userconfig_table`;
/*!40101 SET @saved_cs_client     = @@character_set_client */;
/*!50503 SET character_set_client = utf8mb4 */;
CREATE TABLE `userconfig_table` (
  `id` int(10) unsigned NOT NULL AUTO_INCREMENT,
  `designation` varchar(100) NOT NULL,
  `approval_type` enum('pre-approval','final-approval','routing') NOT NULL,
  `created_at` timestamp NULL DEFAULT NULL,
  `updated_at` timestamp NULL DEFAULT NULL,
  PRIMARY KEY (`id`)
) ENGINE=InnoDB AUTO_INCREMENT=25 DEFAULT CHARSET=utf8mb4 COLLATE=utf8mb4_unicode_ci;
/*!40101 SET character_set_client = @saved_cs_client */;

--
-- Dumping data for table `userconfig_table`
--

LOCK TABLES `userconfig_table` WRITE;
/*!40000 ALTER TABLE `userconfig_table` DISABLE KEYS */;
INSERT INTO `userconfig_table` VALUES (13,'Developer','routing',NULL,NULL),(14,'ADMIN','routing','2025-11-23 18:36:30','2025-11-23 18:36:30'),(15,'TESDS','pre-approval','2025-11-23 18:36:45','2025-11-23 18:36:45'),(16,'EA','pre-approval','2025-11-23 18:36:56','2025-11-23 18:36:56'),(17,'AED','pre-approval','2025-11-23 18:37:02','2025-11-23 18:37:02'),(18,'ED','final-approval','2025-11-23 18:37:13','2025-11-23 18:37:13'),(19,'DDG','final-approval','2025-11-23 18:37:19','2025-11-23 18:37:19'),(20,'DIVISION-CHIEF','final-approval','2025-11-23 18:40:23','2025-11-23 18:40:23'),(21,'DIVISION-ADMIN','routing','2025-11-23 18:40:31','2025-11-23 18:40:31'),(23,'DIVISION-SupervisingTESDS','pre-approval','2025-11-23 18:41:38','2025-11-23 18:41:38'),(24,'Sr-TESDS','pre-approval','2025-11-23 18:48:21','2025-11-23 18:48:21');
/*!40000 ALTER TABLE `userconfig_table` ENABLE KEYS */;
UNLOCK TABLES;

--
-- Table structure for table `users`
--

DROP TABLE IF EXISTS `users`;
/*!40101 SET @saved_cs_client     = @@character_set_client */;
/*!50503 SET character_set_client = utf8mb4 */;
CREATE TABLE `users` (
  `id` bigint(20) unsigned NOT NULL AUTO_INCREMENT,
  `name` varchar(255) NOT NULL,
  `email` varchar(255) NOT NULL,
  `email_verified_at` timestamp NULL DEFAULT NULL,
  `password` varchar(255) NOT NULL,
  `remember_token` varchar(100) DEFAULT NULL,
  `created_at` timestamp NULL DEFAULT NULL,
  `updated_at` timestamp NULL DEFAULT NULL,
  `role` varchar(255) NOT NULL DEFAULT 'user',
  `role_id` bigint(20) unsigned NOT NULL DEFAULT 0,
  `status` varchar(20) NOT NULL DEFAULT 'active',
  `office_id` bigint(20) unsigned DEFAULT 0,
  PRIMARY KEY (`id`),
  UNIQUE KEY `users_email_unique` (`email`)
) ENGINE=InnoDB AUTO_INCREMENT=35 DEFAULT CHARSET=utf8mb4 COLLATE=utf8mb4_unicode_ci;
/*!40101 SET character_set_client = @saved_cs_client */;

--
-- Dumping data for table `users`
--

LOCK TABLES `users` WRITE;
/*!40000 ALTER TABLE `users` DISABLE KEYS */;
INSERT INTO `users` VALUES (16,'Developer','dev@email.com',NULL,'$2y$12$yT3r2NqonCYaWZXW0g1yH.mFjT3OHjfDDp/2sA3goMvX6jAAI4tDW',NULL,NULL,NULL,'Developer',13,'active',5),(17,'test.ppadmin01','test.ppadmin01@email.com',NULL,'$2y$12$yT3r2NqonCYaWZXW0g1yH.mFjT3OHjfDDp/2sA3goMvX6jAAI4tDW',NULL,'2025-11-23 18:42:48','2025-11-23 19:03:19','ADMIN',14,'active',6),(18,'test.ppadmin02','test.ppadmin02@email.com',NULL,'$2y$12$vuOFF1ezbJUR2SmWkEaI8ejL1LgD9DHDTK3ReF8aybncbDHPRZ/XC','Wn8AHs74aag6zKPW9Tsmr4jPcQfAR4O3vFSJTJnD7jCIWTXfVrF5IBZC7IS7','2025-11-23 18:43:38','2025-11-23 18:43:38','ADMIN',14,'active',6),(19,'test.pptesds','test.pptesds@email.com',NULL,'$2y$12$UDClpn40rMoi.ehSIs8P6.pkZ6rA0FzsxwkRRzM8gwOfdVoggZYT2',NULL,'2025-11-23 18:46:53','2025-11-23 18:46:53','TESDS',15,'active',6),(20,'test.ppea','test.ppea@email.com',NULL,'$2y$12$AeKor24wVdeCCXBbLj/Rc.6KGmgTO7.HU5wgxrOEm2yGnZUmJziRC',NULL,'2025-11-23 18:47:18','2025-11-23 18:47:18','EA',16,'active',6),(21,'test.ppsrtesds','test.ppsrtesds@email.com',NULL,'$2y$12$a40g6rhhvns/zpzEQzHMyOqpI2Lyfq5piaDuMwf4UP14y6YQ.mP7u',NULL,'2025-11-23 18:49:02','2025-11-23 18:49:02','Sr-TESDS',24,'active',6),(22,'test.poadmin01','test.poadmin01@email.com',NULL,'$2y$12$Z7U/Iz8EX14H12ScKKGlWui/sDQwyjg8uQY6sUd1tFqFSCyUG5DYa',NULL,'2025-11-23 18:49:19','2025-11-23 18:49:19','ADMIN',14,'active',7),(23,'test.poadmin02','test.poadmin02@email.com',NULL,'$2y$12$X1/s.sOXV8.Lzx.GSui3hezVPrpMyqVc9YwXmmPZM/y7sIW83kwjW',NULL,'2025-11-23 18:49:37','2025-11-23 18:49:37','ADMIN',14,'active',7),(24,'test.poaed','test.poaed@email.com',NULL,'$2y$12$t5ag0dK6EpPaM3o2/xo3c.s04.mm6dYQH2vKlT4Grg64BCEXg8O5a',NULL,'2025-11-23 18:50:08','2025-11-23 18:50:08','AED',17,'active',7),(25,'test.poed','test.poed@email.com',NULL,'$2y$12$UC1ZhGGEKYw6bkD4JCOPn.QSrFr.uw/XrCUAiqlvFIoVDneqWYGjO',NULL,'2025-11-23 18:50:23','2025-11-23 18:50:23','ED',18,'active',7),(26,'test.qsoadmin01','test.qsoadmin01@email.com',NULL,'$2y$12$1kLDjOhqZAJYhE6oiI/H1un8o03ooIzxtma9oUpKY5rz5LA0u5.xO',NULL,'2025-11-23 18:50:48','2025-11-23 18:50:48','ADMIN',14,'active',8),(27,'test.qsoadmin02','test.qsoadmin02@email.com',NULL,'$2y$12$oXhh6ogNfQvWSUBJFRIUr./6Ynp7E8tK8r5S9eYCXXsIYjALflXTi',NULL,'2025-11-23 18:51:04','2025-11-23 18:51:04','ADMIN',14,'active',8),(28,'test.qsoaed','test.qsoaed@email.com',NULL,'$2y$12$8vEfv2x3dHhX3aXQEavjoubcVAxmSYy1iSTfYN13S0DXipysRoUf2',NULL,'2025-11-23 18:51:21','2025-11-23 18:51:21','AED',17,'active',8),(29,'test.qsoed','test.qsoed@email.com',NULL,'$2y$12$BWCbYdVulKEC4o7hR2IxeO2e8aF95Spt4xQsNMb4nbfUmC4pBGqqe',NULL,'2025-11-23 18:51:38','2025-11-23 18:51:38','ED',18,'active',8),(30,'test.nitesdadmin01','test.nitesdadmin01@email.com',NULL,'$2y$12$Gw9cKJI0edGLvmKnkhTlGuS1X9PIezjl8Pt0mCz1sowChIo7jRT5.',NULL,'2025-11-23 18:51:56','2025-11-23 18:51:56','ADMIN',14,'active',9),(31,'test.nitesdadmin02','test.nitesdadmin02@email.com',NULL,'$2y$12$hGE7PnhSzgEU09RA5gMx0.8y3jsPND.Pb76UxHxOrq8igaE6UJwLa',NULL,'2025-11-23 18:52:20','2025-11-23 18:52:20','ADMIN',14,'active',9),(32,'test.nitesdaed','test.nitesdaed@email.com',NULL,'$2y$12$ngmAnAZYMHKHg36s/fKmJ.TX2G2i/Z8o..kjtFIjT580cRCLAURvu',NULL,'2025-11-23 18:53:58','2025-11-23 18:53:58','AED',17,'active',9),(33,'test.nitesded','test.nitesded@email.com',NULL,'$2y$12$ljj50YKMacjC4Eu/FDhmPOWILMt0BJtY/gl0eYAZejUeF40VmXfvy',NULL,'2025-11-23 18:54:15','2025-11-23 18:54:15','ED',18,'active',9),(34,'test.ppddg','test.ppddg@email.com',NULL,'$2y$12$dk2.ssG.RacpoWTsmKoIT.yM.F4U86yCR9bCOqizE5tza22We83wO',NULL,'2025-11-24 21:33:38','2025-11-24 21:33:38','DDG',19,'active',6);
/*!40000 ALTER TABLE `users` ENABLE KEYS */;
UNLOCK TABLES;

--
-- Dumping routines for database 'dmt_db'
--
/*!40103 SET TIME_ZONE=@OLD_TIME_ZONE */;

/*!40101 SET SQL_MODE=@OLD_SQL_MODE */;
/*!40014 SET FOREIGN_KEY_CHECKS=@OLD_FOREIGN_KEY_CHECKS */;
/*!40014 SET UNIQUE_CHECKS=@OLD_UNIQUE_CHECKS */;
/*!40101 SET CHARACTER_SET_CLIENT=@OLD_CHARACTER_SET_CLIENT */;
/*!40101 SET CHARACTER_SET_RESULTS=@OLD_CHARACTER_SET_RESULTS */;
/*!40101 SET COLLATION_CONNECTION=@OLD_COLLATION_CONNECTION */;
/*!40111 SET SQL_NOTES=@OLD_SQL_NOTES */;

-- Dump completed on 2025-11-28 18:30:32
